<Diagram Version="12"><Nodes><Node Class="std:ShapeNode" Id="0" Version="1"><Bounds>831.000000, 527.000000, 306.000000, 480.000000</Bounds><ZIndex>0</ZIndex><ToolTip>0200C583 </ToolTip><Locked>True</Locked><Visible>True</Visible><Printable>True</Printable><Selected>False</Selected><Brush Id="0"/><Pen><Color>#FF646464</Color><DashStyle>0</DashStyle><Width>1.000000</Width></Pen><ShadowOffsetX>0.000000</ShadowOffsetX><ShadowOffsetY>0.000000</ShadowOffsetY><Weight>1.000000</Weight><IgnoreLayout>False</IgnoreLayout><HyperLink></HyperLink><Constraints><Constraint Type="0"><Value>0</Value></Constraint><Constraint Type="1"><Value>0.000000</Value></Constraint><Constraint Type="2"><Value>0.000000</Value></Constraint><Constraint Type="3"><Value>0.000000</Value></Constraint><Constraint Type="4"><Value>0.000000</Value></Constraint></Constraints><Obstacle>False</Obstacle><AllowIncomingLinks>True</AllowIncomingLinks><AllowOutgoingLinks>False</AllowOutgoingLinks><EnabledHandles>0</EnabledHandles><HandlesStyle>1</HandlesStyle><Expanded>True</Expanded><Expandable>False</Expandable><XStyle>0</XStyle><Text>S4S_Dummy_Urag_Return *</Text><TextColor>#FF000000</TextColor><PolygonalTextLayout>False</PolygonalTextLayout><TextFormat XValue="16"><Alignment>0</Alignment><LineAlignment>0</LineAlignment></TextFormat><PolygonalTextLayout>False</PolygonalTextLayout><EnableStyledText>False</EnableStyledText><ImageAlign>2</ImageAlign><RotationAngle>0.000000</RotationAngle><RotateImage>False</RotateImage><RotateText>False</RotateText><Transparent>False</Transparent><CustomDraw>0</CustomDraw><DecorationColor></DecorationColor></Node><Node Class="std:ShapeNode" Id="1" Version="1"><Bounds>559.000000, 527.000000, 250.000000, 264.000000</Bounds><ZIndex>1</ZIndex><ToolTip>0200C57D </ToolTip><Locked>True</Locked><Visible>True</Visible><Printable>True</Printable><Selected>False</Selected><Brush Id="0"/><Pen><Color>#FF646464</Color><DashStyle>0</DashStyle><Width>1.000000</Width></Pen><ShadowOffsetX>0.000000</ShadowOffsetX><ShadowOffsetY>0.000000</ShadowOffsetY><Weight>1.000000</Weight><IgnoreLayout>False</IgnoreLayout><HyperLink></HyperLink><Constraints><Constraint Type="0"><Value>0</Value></Constraint><Constraint Type="1"><Value>0.000000</Value></Constraint><Constraint Type="2"><Value>0.000000</Value></Constraint><Constraint Type="3"><Value>0.000000</Value></Constraint><Constraint Type="4"><Value>0.000000</Value></Constraint></Constraints><Obstacle>False</Obstacle><AllowIncomingLinks>True</AllowIncomingLinks><AllowOutgoingLinks>False</AllowOutgoingLinks><EnabledHandles>0</EnabledHandles><HandlesStyle>1</HandlesStyle><Expanded>True</Expanded><Expandable>False</Expandable><XStyle>0</XStyle><Text>S4S_Dummy_Urag_Branch_3b *</Text><TextColor>#FF000000</TextColor><PolygonalTextLayout>False</PolygonalTextLayout><TextFormat XValue="16"><Alignment>0</Alignment><LineAlignment>0</LineAlignment></TextFormat><PolygonalTextLayout>False</PolygonalTextLayout><EnableStyledText>False</EnableStyledText><ImageAlign>2</ImageAlign><RotationAngle>0.000000</RotationAngle><RotateImage>False</RotateImage><RotateText>False</RotateText><Transparent>False</Transparent><CustomDraw>0</CustomDraw><DecorationColor></DecorationColor></Node><Node Class="std:ShapeNode" Id="2" Version="1"><Bounds>863.000000, 255.000000, 250.000000, 264.000000</Bounds><ZIndex>2</ZIndex><ToolTip>0200C56B </ToolTip><Locked>True</Locked><Visible>True</Visible><Printable>True</Printable><Selected>False</Selected><Brush Id="0"/><Pen><Color>#FF646464</Color><DashStyle>0</DashStyle><Width>1.000000</Width></Pen><ShadowOffsetX>0.000000</ShadowOffsetX><ShadowOffsetY>0.000000</ShadowOffsetY><Weight>1.000000</Weight><IgnoreLayout>False</IgnoreLayout><HyperLink></HyperLink><Constraints><Constraint Type="0"><Value>0</Value></Constraint><Constraint Type="1"><Value>0.000000</Value></Constraint><Constraint Type="2"><Value>0.000000</Value></Constraint><Constraint Type="3"><Value>0.000000</Value></Constraint><Constraint Type="4"><Value>0.000000</Value></Constraint></Constraints><Obstacle>False</Obstacle><AllowIncomingLinks>True</AllowIncomingLinks><AllowOutgoingLinks>False</AllowOutgoingLinks><EnabledHandles>0</EnabledHandles><HandlesStyle>1</HandlesStyle><Expanded>True</Expanded><Expandable>False</Expandable><XStyle>0</XStyle><Text>S4S_Dummy_Urag_Bindme *</Text><TextColor>#FF000000</TextColor><PolygonalTextLayout>False</PolygonalTextLayout><TextFormat XValue="16"><Alignment>0</Alignment><LineAlignment>0</LineAlignment></TextFormat><PolygonalTextLayout>False</PolygonalTextLayout><EnableStyledText>False</EnableStyledText><ImageAlign>2</ImageAlign><RotationAngle>0.000000</RotationAngle><RotateImage>False</RotateImage><RotateText>False</RotateText><Transparent>False</Transparent><CustomDraw>0</CustomDraw><DecorationColor></DecorationColor></Node><Node Class="std:ShapeNode" Id="3" Version="1"><Bounds>95.000000, 527.000000, 434.000000, 264.000000</Bounds><ZIndex>3</ZIndex><ToolTip>0200C565 </ToolTip><Locked>True</Locked><Visible>True</Visible><Printable>True</Printable><Selected>False</Selected><Brush Id="0"/><Pen><Color>#FF646464</Color><DashStyle>0</DashStyle><Width>1.000000</Width></Pen><ShadowOffsetX>0.000000</ShadowOffsetX><ShadowOffsetY>0.000000</ShadowOffsetY><Weight>1.000000</Weight><IgnoreLayout>False</IgnoreLayout><HyperLink></HyperLink><Constraints><Constraint Type="0"><Value>0</Value></Constraint><Constraint Type="1"><Value>0.000000</Value></Constraint><Constraint Type="2"><Value>0.000000</Value></Constraint><Constraint Type="3"><Value>0.000000</Value></Constraint><Constraint Type="4"><Value>0.000000</Value></Constraint></Constraints><Obstacle>False</Obstacle><AllowIncomingLinks>True</AllowIncomingLinks><AllowOutgoingLinks>False</AllowOutgoingLinks><EnabledHandles>0</EnabledHandles><HandlesStyle>1</HandlesStyle><Expanded>True</Expanded><Expandable>False</Expandable><XStyle>0</XStyle><Text>S4S_Dummy_Urag_Branch3 *</Text><TextColor>#FF000000</TextColor><PolygonalTextLayout>False</PolygonalTextLayout><TextFormat XValue="16"><Alignment>0</Alignment><LineAlignment>0</LineAlignment></TextFormat><PolygonalTextLayout>False</PolygonalTextLayout><EnableStyledText>False</EnableStyledText><ImageAlign>2</ImageAlign><RotationAngle>0.000000</RotationAngle><RotateImage>False</RotateImage><RotateText>False</RotateText><Transparent>False</Transparent><CustomDraw>0</CustomDraw><DecorationColor></DecorationColor></Node><Node Class="std:ShapeNode" Id="4" Version="1"><Bounds>1167.000000, 335.000000, 250.000000, 102.000000</Bounds><ZIndex>4</ZIndex><ToolTip>0200C562 </ToolTip><Locked>True</Locked><Visible>True</Visible><Printable>True</Printable><Selected>False</Selected><Brush Id="1"/><Pen><Color>#FF646464</Color><DashStyle>0</DashStyle><Width>1.000000</Width></Pen><ShadowOffsetX>0.000000</ShadowOffsetX><ShadowOffsetY>0.000000</ShadowOffsetY><Weight>1.000000</Weight><IgnoreLayout>False</IgnoreLayout><HyperLink></HyperLink><Constraints><Constraint Type="0"><Value>0</Value></Constraint><Constraint Type="1"><Value>0.000000</Value></Constraint><Constraint Type="2"><Value>0.000000</Value></Constraint><Constraint Type="3"><Value>0.000000</Value></Constraint><Constraint Type="4"><Value>0.000000</Value></Constraint></Constraints><Obstacle>False</Obstacle><AllowIncomingLinks>True</AllowIncomingLinks><AllowOutgoingLinks>False</AllowOutgoingLinks><EnabledHandles>0</EnabledHandles><HandlesStyle>1</HandlesStyle><Expanded>True</Expanded><Expandable>False</Expandable><XStyle>0</XStyle><Text>S4S_Dummy_Urag_Respons3 *</Text><TextColor>#FF000000</TextColor><PolygonalTextLayout>False</PolygonalTextLayout><TextFormat XValue="16"><Alignment>0</Alignment><LineAlignment>0</LineAlignment></TextFormat><PolygonalTextLayout>False</PolygonalTextLayout><EnableStyledText>False</EnableStyledText><ImageAlign>2</ImageAlign><RotationAngle>0.000000</RotationAngle><RotateImage>False</RotateImage><RotateText>False</RotateText><Transparent>False</Transparent><CustomDraw>0</CustomDraw><DecorationColor></DecorationColor></Node><Node Class="std:ShapeNode" Id="5" Version="1"><Bounds>1167.000000, 207.000000, 250.000000, 102.000000</Bounds><ZIndex>5</ZIndex><ToolTip>0200C55F </ToolTip><Locked>True</Locked><Visible>True</Visible><Printable>True</Printable><Selected>False</Selected><Brush Id="1"/><Pen><Color>#FF646464</Color><DashStyle>0</DashStyle><Width>1.000000</Width></Pen><ShadowOffsetX>0.000000</ShadowOffsetX><ShadowOffsetY>0.000000</ShadowOffsetY><Weight>1.000000</Weight><IgnoreLayout>False</IgnoreLayout><HyperLink></HyperLink><Constraints><Constraint Type="0"><Value>0</Value></Constraint><Constraint Type="1"><Value>0.000000</Value></Constraint><Constraint Type="2"><Value>0.000000</Value></Constraint><Constraint Type="3"><Value>0.000000</Value></Constraint><Constraint Type="4"><Value>0.000000</Value></Constraint></Constraints><Obstacle>False</Obstacle><AllowIncomingLinks>True</AllowIncomingLinks><AllowOutgoingLinks>False</AllowOutgoingLinks><EnabledHandles>0</EnabledHandles><HandlesStyle>1</HandlesStyle><Expanded>True</Expanded><Expandable>False</Expandable><XStyle>0</XStyle><Text>S4S_Dummy_Urag_Response2 *</Text><TextColor>#FF000000</TextColor><PolygonalTextLayout>False</PolygonalTextLayout><TextFormat XValue="16"><Alignment>0</Alignment><LineAlignment>0</LineAlignment></TextFormat><PolygonalTextLayout>False</PolygonalTextLayout><EnableStyledText>False</EnableStyledText><ImageAlign>2</ImageAlign><RotationAngle>0.000000</RotationAngle><RotateImage>False</RotateImage><RotateText>False</RotateText><Transparent>False</Transparent><CustomDraw>0</CustomDraw><DecorationColor></DecorationColor></Node><Node Class="std:ShapeNode" Id="6" Version="1"><Bounds>1167.000000, 79.000000, 250.000000, 102.000000</Bounds><ZIndex>6</ZIndex><ToolTip>0200C55C </ToolTip><Locked>True</Locked><Visible>True</Visible><Printable>True</Printable><Selected>False</Selected><Brush Id="1"/><Pen><Color>#FF646464</Color><DashStyle>0</DashStyle><Width>1.000000</Width></Pen><ShadowOffsetX>0.000000</ShadowOffsetX><ShadowOffsetY>0.000000</ShadowOffsetY><Weight>1.000000</Weight><IgnoreLayout>False</IgnoreLayout><HyperLink></HyperLink><Constraints><Constraint Type="0"><Value>0</Value></Constraint><Constraint Type="1"><Value>0.000000</Value></Constraint><Constraint Type="2"><Value>0.000000</Value></Constraint><Constraint Type="3"><Value>0.000000</Value></Constraint><Constraint Type="4"><Value>0.000000</Value></Constraint></Constraints><Obstacle>False</Obstacle><AllowIncomingLinks>True</AllowIncomingLinks><AllowOutgoingLinks>False</AllowOutgoingLinks><EnabledHandles>0</EnabledHandles><HandlesStyle>1</HandlesStyle><Expanded>True</Expanded><Expandable>False</Expandable><XStyle>0</XStyle><Text>S4S_Dummy_Urag_Response1 *</Text><TextColor>#FF000000</TextColor><PolygonalTextLayout>False</PolygonalTextLayout><TextFormat XValue="16"><Alignment>0</Alignment><LineAlignment>0</LineAlignment></TextFormat><PolygonalTextLayout>False</PolygonalTextLayout><EnableStyledText>False</EnableStyledText><ImageAlign>2</ImageAlign><RotationAngle>0.000000</RotationAngle><RotateImage>False</RotateImage><RotateText>False</RotateText><Transparent>False</Transparent><CustomDraw>0</CustomDraw><DecorationColor></DecorationColor></Node><Node Class="std:ShapeNode" Id="7" Version="1"><Bounds>863.000000, 79.000000, 250.000000, 156.000000</Bounds><ZIndex>7</ZIndex><ToolTip>0200C558 </ToolTip><Locked>True</Locked><Visible>True</Visible><Printable>True</Printable><Selected>False</Selected><Brush Id="0"/><Pen><Color>#FF646464</Color><DashStyle>0</DashStyle><Width>1.000000</Width></Pen><ShadowOffsetX>0.000000</ShadowOffsetX><ShadowOffsetY>0.000000</ShadowOffsetY><Weight>1.000000</Weight><IgnoreLayout>False</IgnoreLayout><HyperLink></HyperLink><Constraints><Constraint Type="0"><Value>0</Value></Constraint><Constraint Type="1"><Value>0.000000</Value></Constraint><Constraint Type="2"><Value>0.000000</Value></Constraint><Constraint Type="3"><Value>0.000000</Value></Constraint><Constraint Type="4"><Value>0.000000</Value></Constraint></Constraints><Obstacle>False</Obstacle><AllowIncomingLinks>True</AllowIncomingLinks><AllowOutgoingLinks>False</AllowOutgoingLinks><EnabledHandles>0</EnabledHandles><HandlesStyle>1</HandlesStyle><Expanded>True</Expanded><Expandable>False</Expandable><XStyle>0</XStyle><Text>S4S_Dummy_Urag_Branch2 *</Text><TextColor>#FF000000</TextColor><PolygonalTextLayout>False</PolygonalTextLayout><TextFormat XValue="16"><Alignment>0</Alignment><LineAlignment>0</LineAlignment></TextFormat><PolygonalTextLayout>False</PolygonalTextLayout><EnableStyledText>False</EnableStyledText><ImageAlign>2</ImageAlign><RotationAngle>0.000000</RotationAngle><RotateImage>False</RotateImage><RotateText>False</RotateText><Transparent>False</Transparent><CustomDraw>0</CustomDraw><DecorationColor></DecorationColor></Node><Node Class="std:ShapeNode" Id="8" Version="1"><Bounds>95.000000, 86.000000, 754.000000, 426.000000</Bounds><ZIndex>8</ZIndex><ToolTip>0200BFED </ToolTip><Locked>True</Locked><Visible>True</Visible><Printable>True</Printable><Selected>False</Selected><Brush Id="0"/><Pen><Color>#FF646464</Color><DashStyle>0</DashStyle><Width>1.000000</Width></Pen><ShadowOffsetX>0.000000</ShadowOffsetX><ShadowOffsetY>0.000000</ShadowOffsetY><Weight>1.000000</Weight><IgnoreLayout>False</IgnoreLayout><HyperLink></HyperLink><Constraints><Constraint Type="0"><Value>0</Value></Constraint><Constraint Type="1"><Value>0.000000</Value></Constraint><Constraint Type="2"><Value>0.000000</Value></Constraint><Constraint Type="3"><Value>0.000000</Value></Constraint><Constraint Type="4"><Value>0.000000</Value></Constraint></Constraints><Obstacle>False</Obstacle><AllowIncomingLinks>True</AllowIncomingLinks><AllowOutgoingLinks>False</AllowOutgoingLinks><EnabledHandles>0</EnabledHandles><HandlesStyle>1</HandlesStyle><Expanded>True</Expanded><Expandable>False</Expandable><XStyle>0</XStyle><Text>S4S_Dummy_Urag_Branch1 *</Text><TextColor>#FF000000</TextColor><PolygonalTextLayout>False</PolygonalTextLayout><TextFormat XValue="16"><Alignment>0</Alignment><LineAlignment>0</LineAlignment></TextFormat><PolygonalTextLayout>False</PolygonalTextLayout><EnableStyledText>False</EnableStyledText><ImageAlign>2</ImageAlign><RotationAngle>0.000000</RotationAngle><RotateImage>False</RotateImage><RotateText>False</RotateText><Transparent>False</Transparent><CustomDraw>0</CustomDraw><DecorationColor></DecorationColor></Node><Node Class="std:TableNode" Id="9" Version="1"><Bounds>120.000000, 111.000000, 704.000000, 376.000000</Bounds><ZIndex>9</ZIndex><ToolTip>0200BFEE - Custom</ToolTip><Locked>False</Locked><Visible>True</Visible><Printable>True</Printable><Selected>False</Selected><Brush Id="2"/><Pen><Color>#FF000000</Color><DashStyle>0</DashStyle><Width>1.000000</Width></Pen><ShadowOffsetX>3.000000</ShadowOffsetX><ShadowOffsetY>3.000000</ShadowOffsetY><Weight>1.000000</Weight><IgnoreLayout>False</IgnoreLayout><HyperLink></HyperLink><AnchorPattern Id="TableInPattern"/><Constraints><Constraint Type="0"><Value>0</Value></Constraint><Constraint Type="1"><Value>0.000000</Value></Constraint><Constraint Type="2"><Value>0.000000</Value></Constraint><Constraint Type="3"><Value>0.000000</Value></Constraint><Constraint Type="4"><Value>0.000000</Value></Constraint></Constraints><Obstacle>True</Obstacle><AllowIncomingLinks>True</AllowIncomingLinks><AllowOutgoingLinks>False</AllowOutgoingLinks><EnabledHandles>-1</EnabledHandles><HandlesStyle>2</HandlesStyle><Cells><Cell><Text></Text><ToolTip></ToolTip><TextFormat XValue="36"><Alignment>0</Alignment><LineAlignment>1</LineAlignment></TextFormat><TextColor>#FF000000</TextColor><Brush Id="3"/><ImageAlign>4</ImageAlign><ColumnSpan>1</ColumnSpan><RowSpan>1</RowSpan></Cell><Cell><Text>If you're not here to borrow one of the books, what could you possibly want?</Text><ToolTip></ToolTip><TextFormat XValue="2000"><Alignment>1</Alignment><LineAlignment>0</LineAlignment></TextFormat><TextColor></TextColor><Brush Id="4"/><ImageAlign>4</ImageAlign><ColumnSpan>1</ColumnSpan><RowSpan>1</RowSpan></Cell><Cell><Text></Text><ToolTip></ToolTip><TextFormat XValue="36"><Alignment>0</Alignment><LineAlignment>1</LineAlignment></TextFormat><TextColor>#FF000000</TextColor><Brush Id="3"/><ImageAlign>4</ImageAlign><ColumnSpan>1</ColumnSpan><RowSpan>2</RowSpan></Cell><Cell><Text>&lt;b&gt;I...uhh...&lt;/b&gt;</Text><ToolTip></ToolTip><TextFormat XValue="2000"><Alignment>1</Alignment><LineAlignment>0</LineAlignment></TextFormat><TextColor></TextColor><Brush Id="2"/><ImageAlign>4</ImageAlign><ColumnSpan>1</ColumnSpan><RowSpan>1</RowSpan></Cell><Cell><Text></Text><ToolTip></ToolTip><TextFormat XValue="36"><Alignment>0</Alignment><LineAlignment>1</LineAlignment></TextFormat><TextColor>#FF000000</TextColor><Brush Id="3"/><ImageAlign>4</ImageAlign><ColumnSpan>1</ColumnSpan><RowSpan>1</RowSpan></Cell><Cell><Text>Of all the days, I get a SMART one that comes in. I guess your armor is just for show. This is a school, I'll have you know, not a brothel.</Text><ToolTip></ToolTip><TextFormat XValue="2000"><Alignment>1</Alignment><LineAlignment>0</LineAlignment></TextFormat><TextColor></TextColor><Brush Id="4"/><ImageAlign>4</ImageAlign><ColumnSpan>1</ColumnSpan><RowSpan>1</RowSpan></Cell><Cell><Text></Text><ToolTip></ToolTip><TextFormat XValue="36"><Alignment>0</Alignment><LineAlignment>1</LineAlignment></TextFormat><TextColor>#FF000000</TextColor><Brush Id="3"/><ImageAlign>4</ImageAlign><ColumnSpan>1</ColumnSpan><RowSpan>2</RowSpan></Cell><Cell><Text>&lt;b&gt;Not all of my armor is by choice! This damn collar...*Tug on the collar*&lt;/b&gt;</Text><ToolTip></ToolTip><TextFormat XValue="2000"><Alignment>1</Alignment><LineAlignment>0</LineAlignment></TextFormat><TextColor></TextColor><Brush Id="2"/><ImageAlign>4</ImageAlign><ColumnSpan>1</ColumnSpan><RowSpan>1</RowSpan></Cell><Cell><Text></Text><ToolTip></ToolTip><TextFormat XValue="36"><Alignment>0</Alignment><LineAlignment>1</LineAlignment></TextFormat><TextColor>#FF000000</TextColor><Brush Id="3"/><ImageAlign>4</ImageAlign><ColumnSpan>1</ColumnSpan><RowSpan>1</RowSpan></Cell><Cell><Text>Got yourself into a little trouble, did we? Are you sure you aren't just some runaway slave looking to be set free? | There might even be a fat reward if the college decides not to keep you as a pet.</Text><ToolTip></ToolTip><TextFormat XValue="2000"><Alignment>1</Alignment><LineAlignment>0</LineAlignment></TextFormat><TextColor></TextColor><Brush Id="4"/><ImageAlign>4</ImageAlign><ColumnSpan>1</ColumnSpan><RowSpan>1</RowSpan></Cell><Cell><Text></Text><ToolTip></ToolTip><TextFormat XValue="36"><Alignment>0</Alignment><LineAlignment>1</LineAlignment></TextFormat><TextColor>#FF000000</TextColor><Brush Id="3"/><ImageAlign>4</ImageAlign><ColumnSpan>1</ColumnSpan><RowSpan>2</RowSpan></Cell><Cell><Text>&lt;b&gt;I'm no slave! I was knocked out and woke up with this thing strangling me!&lt;/b&gt;</Text><ToolTip></ToolTip><TextFormat XValue="2000"><Alignment>1</Alignment><LineAlignment>0</LineAlignment></TextFormat><TextColor></TextColor><Brush Id="2"/><ImageAlign>4</ImageAlign><ColumnSpan>1</ColumnSpan><RowSpan>1</RowSpan></Cell><Cell><Text></Text><ToolTip></ToolTip><TextFormat XValue="36"><Alignment>0</Alignment><LineAlignment>1</LineAlignment></TextFormat><TextColor>#FF000000</TextColor><Brush Id="3"/><ImageAlign>4</ImageAlign><ColumnSpan>1</ColumnSpan><RowSpan>1</RowSpan></Cell><Cell><Text>You wouldn't be the first slave who came up with a good story to escape. Thought that the mages would be your ticket to freedom, hmm? | Maybe I should add a few more things to you, so that you don't run away while I sort this all out.</Text><ToolTip></ToolTip><TextFormat XValue="2000"><Alignment>1</Alignment><LineAlignment>0</LineAlignment></TextFormat><TextColor></TextColor><Brush Id="4"/><ImageAlign>4</ImageAlign><ColumnSpan>1</ColumnSpan><RowSpan>1</RowSpan></Cell><Cell><Text></Text><ToolTip></ToolTip><TextFormat XValue="36"><Alignment>0</Alignment><LineAlignment>1</LineAlignment></TextFormat><TextColor>#FF000000</TextColor><Brush Id="3"/><ImageAlign>4</ImageAlign><ColumnSpan>1</ColumnSpan><RowSpan>2</RowSpan></Cell><Cell><Text>&lt;b&gt;Wait! Everything that I'm telling you is true!&lt;/b&gt;</Text><ToolTip></ToolTip><TextFormat XValue="2000"><Alignment>1</Alignment><LineAlignment>0</LineAlignment></TextFormat><TextColor></TextColor><Brush Id="2"/><ImageAlign>4</ImageAlign><ColumnSpan>1</ColumnSpan><RowSpan>1</RowSpan></Cell><Cell><Text></Text><ToolTip></ToolTip><TextFormat XValue="36"><Alignment>0</Alignment><LineAlignment>1</LineAlignment></TextFormat><TextColor>#FF000000</TextColor><Brush Id="3"/><ImageAlign>4</ImageAlign><ColumnSpan>1</ColumnSpan><RowSpan>1</RowSpan></Cell><Cell><Text>Even if I believe you, why would you come here?</Text><ToolTip></ToolTip><TextFormat XValue="2000"><Alignment>1</Alignment><LineAlignment>0</LineAlignment></TextFormat><TextColor></TextColor><Brush Id="4"/><ImageAlign>4</ImageAlign><ColumnSpan>1</ColumnSpan><RowSpan>1</RowSpan></Cell><Cell><Text></Text><ToolTip></ToolTip><TextFormat XValue="36"><Alignment>0</Alignment><LineAlignment>1</LineAlignment></TextFormat><TextColor>#FF000000</TextColor><Brush Id="3"/><ImageAlign>4</ImageAlign><ColumnSpan>1</ColumnSpan><RowSpan>2</RowSpan></Cell><Cell><Text>&lt;b&gt;I came to you here to see if you had any information on what a Dollmaker is&lt;/b&gt;</Text><ToolTip></ToolTip><TextFormat XValue="2000"><Alignment>1</Alignment><LineAlignment>0</LineAlignment></TextFormat><TextColor></TextColor><Brush Id="2"/><ImageAlign>4</ImageAlign><ColumnSpan>1</ColumnSpan><RowSpan>1</RowSpan></Cell><Cell><Text></Text><ToolTip></ToolTip><TextFormat XValue="36"><Alignment>0</Alignment><LineAlignment>1</LineAlignment></TextFormat><TextColor>#FF000000</TextColor><Brush Id="3"/><ImageAlign>4</ImageAlign><ColumnSpan>1</ColumnSpan><RowSpan>1</RowSpan></Cell><Cell><Text>Now there's an old word I haven't heard in a while. I seem to recall a very rare volume of obscure daedra lords that made mention of a "Doll Maker." | Of course one of the new mages got his hands on the book, and promptly ran off to sell it. By the time I caught up to him, it was already sold... | but I definitely made him wish he hadn't. | This was years ago, and my memory isn't what it once was, but I seem to recall a daedric lord named Teyrana, | She wanted to make all women submissive hedonists, to the point of obsessing over the idea. | She believed that she could craft the females of Tamriel into the perfect race of beings driven by lust and sex. | Teyrana would call those that she transformed her "Dolls" and thus she came to wear the title of Dollmaker.</Text><ToolTip></ToolTip><TextFormat XValue="2000"><Alignment>1</Alignment><LineAlignment>0</LineAlignment></TextFormat><TextColor></TextColor><Brush Id="4"/><ImageAlign>4</ImageAlign><ColumnSpan>1</ColumnSpan><RowSpan>1</RowSpan></Cell><Cell><Text></Text><ToolTip></ToolTip><TextFormat XValue="36"><Alignment>0</Alignment><LineAlignment>1</LineAlignment></TextFormat><TextColor>#FF000000</TextColor><Brush Id="3"/><ImageAlign>4</ImageAlign><ColumnSpan>1</ColumnSpan><RowSpan>2</RowSpan></Cell><Cell><Text>&lt;b&gt;Can you help me find her?&lt;/b&gt;</Text><ToolTip></ToolTip><TextFormat XValue="2000"><Alignment>1</Alignment><LineAlignment>0</LineAlignment></TextFormat><TextColor></TextColor><Brush Id="2"/><ImageAlign>4</ImageAlign><ColumnSpan>1</ColumnSpan><RowSpan>1</RowSpan></Cell><Cell><Text></Text><ToolTip></ToolTip><TextFormat XValue="36"><Alignment>0</Alignment><LineAlignment>1</LineAlignment></TextFormat><TextColor>#FF000000</TextColor><Brush Id="3"/><ImageAlign>4</ImageAlign><ColumnSpan>1</ColumnSpan><RowSpan>1</RowSpan></Cell><Cell><Text>[S] G|I think you've heard quite enough for now. I wouldn't have the foggiest idea where to search for the woman or daedra that you seek. | I think you had better be on your way.</Text><ToolTip></ToolTip><TextFormat XValue="2000"><Alignment>1</Alignment><LineAlignment>0</LineAlignment></TextFormat><TextColor></TextColor><Brush Id="4"/><ImageAlign>4</ImageAlign><ColumnSpan>1</ColumnSpan><RowSpan>1</RowSpan></Cell></Cells><Rows><Row><AnchorPattern Id="TableOutPattern"/><Height>27.000000</Height><Header>False</Header><Expanded>True</Expanded></Row><Row><Height>27.000000</Height><Header>False</Header><Expanded>True</Expanded></Row><Row><AnchorPattern Id="TableOutPattern"/><Height>27.000000</Height><Header>False</Header><Expanded>True</Expanded></Row><Row><Height>27.000000</Height><Header>False</Header><Expanded>True</Expanded></Row><Row><AnchorPattern Id="TableOutPattern"/><Height>27.000000</Height><Header>False</Header><Expanded>True</Expanded></Row><Row><Height>27.000000</Height><Header>False</Header><Expanded>True</Expanded></Row><Row><AnchorPattern Id="TableOutPattern"/><Height>27.000000</Height><Header>False</Header><Expanded>True</Expanded></Row><Row><Height>27.000000</Height><Header>False</Header><Expanded>True</Expanded></Row><Row><AnchorPattern Id="TableOutPattern"/><Height>27.000000</Height><Header>False</Header><Expanded>True</Expanded></Row><Row><Height>27.000000</Height><Header>False</Header><Expanded>True</Expanded></Row><Row><AnchorPattern Id="TableOutPattern"/><Height>27.000000</Height><Header>False</Header><Expanded>True</Expanded></Row><Row><Height>27.000000</Height><Header>False</Header><Expanded>True</Expanded></Row><Row><AnchorPattern Id="TableOutPattern"/><Height>27.000000</Height><Header>False</Header><Expanded>True</Expanded></Row></Rows><Columns><Column><Width>9.000000</Width><ColumnStyle>0</ColumnStyle></Column><Column><Width>4169.000000</Width><ColumnStyle>0</ColumnStyle></Column></Columns><Caption>S4S_Dummy_Urag_Branch1Start: &lt;b&gt;I was told you may be able to help me with a certain problem.&lt;/b&gt;</Caption><CaptionColor>#FF000000</CaptionColor><CaptionHeight>23.000000</CaptionHeight><CaptionFormat XValue="2000"><Alignment>1</Alignment><LineAlignment>0</LineAlignment></CaptionFormat><CaptionBackBrush Id="5"/><EnableStyledText>True</EnableStyledText><ConnectionStyle>0</ConnectionStyle><ImageAlign>2</ImageAlign><Style>0</Style><CustomDraw>0</CustomDraw><CellFrameStyle>2</CellFrameStyle><CellCustomDraw>0</CellCustomDraw><TextColor>#FF000000</TextColor><RowHeight>22.000000</RowHeight><ColumnWidth>50.000000</ColumnWidth><CurrentScrollRow>0</CurrentScrollRow><Scrollable>False</Scrollable><OffsetHeaderRows>False</OffsetHeaderRows></Node><Node Class="std:TableNode" Id="10" Version="1"><Bounds>888.000000, 104.000000, 200.000000, 106.000000</Bounds><ZIndex>10</ZIndex><ToolTip>0200C559 - Custom</ToolTip><Locked>False</Locked><Visible>True</Visible><Printable>True</Printable><Selected>False</Selected><Brush Id="2"/><Pen><Color>#FF000000</Color><DashStyle>0</DashStyle><Width>1.000000</Width></Pen><ShadowOffsetX>3.000000</ShadowOffsetX><ShadowOffsetY>3.000000</ShadowOffsetY><Weight>1.000000</Weight><IgnoreLayout>False</IgnoreLayout><HyperLink></HyperLink><AnchorPattern Id="TableInPattern"/><Constraints><Constraint Type="0"><Value>0</Value></Constraint><Constraint Type="1"><Value>0.000000</Value></Constraint><Constraint Type="2"><Value>0.000000</Value></Constraint><Constraint Type="3"><Value>0.000000</Value></Constraint><Constraint Type="4"><Value>0.000000</Value></Constraint></Constraints><Obstacle>True</Obstacle><AllowIncomingLinks>True</AllowIncomingLinks><AllowOutgoingLinks>False</AllowOutgoingLinks><EnabledHandles>-1</EnabledHandles><HandlesStyle>2</HandlesStyle><Cells><Cell><Text></Text><ToolTip></ToolTip><TextFormat XValue="36"><Alignment>0</Alignment><LineAlignment>1</LineAlignment></TextFormat><TextColor>#FF000000</TextColor><Brush Id="3"/><ImageAlign>4</ImageAlign><ColumnSpan>1</ColumnSpan><RowSpan>1</RowSpan></Cell><Cell><Text>Back again? Well, considering that I still don't know if you are just a runaway slave, | I think that if you want answers, you will just have to prove you are a free woman.</Text><ToolTip></ToolTip><TextFormat XValue="2000"><Alignment>1</Alignment><LineAlignment>0</LineAlignment></TextFormat><TextColor></TextColor><Brush Id="4"/><ImageAlign>4</ImageAlign><ColumnSpan>1</ColumnSpan><RowSpan>1</RowSpan></Cell><Cell><Text></Text><ToolTip></ToolTip><TextFormat XValue="36"><Alignment>0</Alignment><LineAlignment>1</LineAlignment></TextFormat><TextColor>#FF000000</TextColor><Brush Id="3"/><ImageAlign>4</ImageAlign><ColumnSpan>1</ColumnSpan><RowSpan>2</RowSpan></Cell><Cell><Text>&lt;b&gt;Since I can't remove the collar, how can I do that?&lt;/b&gt;</Text><ToolTip></ToolTip><TextFormat XValue="2000"><Alignment>1</Alignment><LineAlignment>0</LineAlignment></TextFormat><TextColor></TextColor><Brush Id="2"/><ImageAlign>4</ImageAlign><ColumnSpan>1</ColumnSpan><RowSpan>1</RowSpan></Cell><Cell><Text></Text><ToolTip></ToolTip><TextFormat XValue="36"><Alignment>0</Alignment><LineAlignment>1</LineAlignment></TextFormat><TextColor>#FF000000</TextColor><Brush Id="3"/><ImageAlign>4</ImageAlign><ColumnSpan>1</ColumnSpan><RowSpan>1</RowSpan></Cell><Cell><Text>It gets awful..ahem..lonely here in the Arcanaeum. | You will prove to me that you are not a slave by bending over and taking it from me, like a dignified free woman!</Text><ToolTip></ToolTip><TextFormat XValue="2000"><Alignment>1</Alignment><LineAlignment>0</LineAlignment></TextFormat><TextColor></TextColor><Brush Id="4"/><ImageAlign>4</ImageAlign><ColumnSpan>1</ColumnSpan><RowSpan>1</RowSpan></Cell></Cells><Rows><Row><AnchorPattern Id="TableOutPattern"/><Height>27.000000</Height><Header>False</Header><Expanded>True</Expanded></Row><Row><Height>27.000000</Height><Header>False</Header><Expanded>True</Expanded></Row><Row><AnchorPattern Id="TableOutPattern"/><Height>27.000000</Height><Header>False</Header><Expanded>True</Expanded></Row></Rows><Columns><Column><Width>9.000000</Width><ColumnStyle>0</ColumnStyle></Column><Column><Width>904.000000</Width><ColumnStyle>0</ColumnStyle></Column></Columns><Caption>S4S_Dummy_Urag_Branch2Start: &lt;b&gt;Please, I don't know where else to look!&lt;/b&gt;</Caption><CaptionColor>#FF000000</CaptionColor><CaptionHeight>23.000000</CaptionHeight><CaptionFormat XValue="2000"><Alignment>1</Alignment><LineAlignment>0</LineAlignment></CaptionFormat><CaptionBackBrush Id="5"/><EnableStyledText>True</EnableStyledText><ConnectionStyle>0</ConnectionStyle><ImageAlign>2</ImageAlign><Style>0</Style><CustomDraw>0</CustomDraw><CellFrameStyle>2</CellFrameStyle><CellCustomDraw>0</CellCustomDraw><TextColor>#FF000000</TextColor><RowHeight>22.000000</RowHeight><ColumnWidth>50.000000</ColumnWidth><CurrentScrollRow>0</CurrentScrollRow><Scrollable>False</Scrollable><OffsetHeaderRows>False</OffsetHeaderRows></Node><Node Class="std:TableNode" Id="11" Version="1"><Bounds>1192.000000, 104.000000, 200.000000, 52.000000</Bounds><ZIndex>11</ZIndex><ToolTip>0200C55D - Custom</ToolTip><Locked>False</Locked><Visible>True</Visible><Printable>True</Printable><Selected>False</Selected><Brush Id="2"/><Pen><Color>#FF000000</Color><DashStyle>0</DashStyle><Width>1.000000</Width></Pen><ShadowOffsetX>3.000000</ShadowOffsetX><ShadowOffsetY>3.000000</ShadowOffsetY><Weight>1.000000</Weight><IgnoreLayout>False</IgnoreLayout><HyperLink></HyperLink><AnchorPattern Id="TableInPattern"/><Constraints><Constraint Type="0"><Value>0</Value></Constraint><Constraint Type="1"><Value>0.000000</Value></Constraint><Constraint Type="2"><Value>0.000000</Value></Constraint><Constraint Type="3"><Value>0.000000</Value></Constraint><Constraint Type="4"><Value>0.000000</Value></Constraint></Constraints><Obstacle>True</Obstacle><AllowIncomingLinks>True</AllowIncomingLinks><AllowOutgoingLinks>False</AllowOutgoingLinks><EnabledHandles>-1</EnabledHandles><HandlesStyle>2</HandlesStyle><Cells><Cell><Text></Text><ToolTip></ToolTip><TextFormat XValue="36"><Alignment>0</Alignment><LineAlignment>1</LineAlignment></TextFormat><TextColor>#FF000000</TextColor><Brush Id="3"/><ImageAlign>4</ImageAlign><ColumnSpan>1</ColumnSpan><RowSpan>1</RowSpan></Cell><Cell><Text>[S] G|Enthusiasm! Perhaps you are indeed a free woman after all!</Text><ToolTip></ToolTip><TextFormat XValue="2000"><Alignment>1</Alignment><LineAlignment>0</LineAlignment></TextFormat><TextColor></TextColor><Brush Id="4"/><ImageAlign>4</ImageAlign><ColumnSpan>1</ColumnSpan><RowSpan>1</RowSpan></Cell></Cells><Rows><Row><AnchorPattern Id="TableOutPattern"/><Height>27.000000</Height><Header>False</Header><Expanded>True</Expanded></Row></Rows><Columns><Column><Width>9.000000</Width><ColumnStyle>0</ColumnStyle></Column><Column><Width>374.000000</Width><ColumnStyle>0</ColumnStyle></Column></Columns><Caption>S4S_Dummy_Urag_Response1Topic: &lt;b&gt;Would a slave's panties already be on the ground?&lt;/b&gt;</Caption><CaptionColor>#FF000000</CaptionColor><CaptionHeight>23.000000</CaptionHeight><CaptionFormat XValue="2000"><Alignment>1</Alignment><LineAlignment>0</LineAlignment></CaptionFormat><CaptionBackBrush Id="5"/><EnableStyledText>True</EnableStyledText><ConnectionStyle>0</ConnectionStyle><ImageAlign>2</ImageAlign><Style>0</Style><CustomDraw>0</CustomDraw><CellFrameStyle>2</CellFrameStyle><CellCustomDraw>0</CellCustomDraw><TextColor>#FF000000</TextColor><RowHeight>22.000000</RowHeight><ColumnWidth>50.000000</ColumnWidth><CurrentScrollRow>0</CurrentScrollRow><Scrollable>False</Scrollable><OffsetHeaderRows>False</OffsetHeaderRows></Node><Node Class="std:TableNode" Id="12" Version="1"><Bounds>1192.000000, 232.000000, 200.000000, 52.000000</Bounds><ZIndex>12</ZIndex><ToolTip>0200C560 - Custom</ToolTip><Locked>False</Locked><Visible>True</Visible><Printable>True</Printable><Selected>False</Selected><Brush Id="2"/><Pen><Color>#FF000000</Color><DashStyle>0</DashStyle><Width>1.000000</Width></Pen><ShadowOffsetX>3.000000</ShadowOffsetX><ShadowOffsetY>3.000000</ShadowOffsetY><Weight>1.000000</Weight><IgnoreLayout>False</IgnoreLayout><HyperLink></HyperLink><AnchorPattern Id="TableInPattern"/><Constraints><Constraint Type="0"><Value>0</Value></Constraint><Constraint Type="1"><Value>0.000000</Value></Constraint><Constraint Type="2"><Value>0.000000</Value></Constraint><Constraint Type="3"><Value>0.000000</Value></Constraint><Constraint Type="4"><Value>0.000000</Value></Constraint></Constraints><Obstacle>True</Obstacle><AllowIncomingLinks>True</AllowIncomingLinks><AllowOutgoingLinks>False</AllowOutgoingLinks><EnabledHandles>-1</EnabledHandles><HandlesStyle>2</HandlesStyle><Cells><Cell><Text></Text><ToolTip></ToolTip><TextFormat XValue="36"><Alignment>0</Alignment><LineAlignment>1</LineAlignment></TextFormat><TextColor>#FF000000</TextColor><Brush Id="3"/><ImageAlign>4</ImageAlign><ColumnSpan>1</ColumnSpan><RowSpan>1</RowSpan></Cell><Cell><Text>[S] G|You're right, it is the only way. Now get over here!</Text><ToolTip></ToolTip><TextFormat XValue="2000"><Alignment>1</Alignment><LineAlignment>0</LineAlignment></TextFormat><TextColor></TextColor><Brush Id="4"/><ImageAlign>4</ImageAlign><ColumnSpan>1</ColumnSpan><RowSpan>1</RowSpan></Cell></Cells><Rows><Row><AnchorPattern Id="TableOutPattern"/><Height>27.000000</Height><Header>False</Header><Expanded>True</Expanded></Row></Rows><Columns><Column><Width>9.000000</Width><ColumnStyle>0</ColumnStyle></Column><Column><Width>309.000000</Width><ColumnStyle>0</ColumnStyle></Column></Columns><Caption>S4S_Dummy_Urag_Response2Topic: &lt;b&gt;I guess if it's the only way to find out how to escape...&lt;/b&gt;</Caption><CaptionColor>#FF000000</CaptionColor><CaptionHeight>23.000000</CaptionHeight><CaptionFormat XValue="2000"><Alignment>1</Alignment><LineAlignment>0</LineAlignment></CaptionFormat><CaptionBackBrush Id="5"/><EnableStyledText>True</EnableStyledText><ConnectionStyle>0</ConnectionStyle><ImageAlign>2</ImageAlign><Style>0</Style><CustomDraw>0</CustomDraw><CellFrameStyle>2</CellFrameStyle><CellCustomDraw>0</CellCustomDraw><TextColor>#FF000000</TextColor><RowHeight>22.000000</RowHeight><ColumnWidth>50.000000</ColumnWidth><CurrentScrollRow>0</CurrentScrollRow><Scrollable>False</Scrollable><OffsetHeaderRows>False</OffsetHeaderRows></Node><Node Class="std:TableNode" Id="13" Version="1"><Bounds>1192.000000, 360.000000, 200.000000, 52.000000</Bounds><ZIndex>13</ZIndex><ToolTip>0200C563 - Custom</ToolTip><Locked>False</Locked><Visible>True</Visible><Printable>True</Printable><Selected>False</Selected><Brush Id="2"/><Pen><Color>#FF000000</Color><DashStyle>0</DashStyle><Width>1.000000</Width></Pen><ShadowOffsetX>3.000000</ShadowOffsetX><ShadowOffsetY>3.000000</ShadowOffsetY><Weight>1.000000</Weight><IgnoreLayout>False</IgnoreLayout><HyperLink></HyperLink><AnchorPattern Id="TableInPattern"/><Constraints><Constraint Type="0"><Value>0</Value></Constraint><Constraint Type="1"><Value>0.000000</Value></Constraint><Constraint Type="2"><Value>0.000000</Value></Constraint><Constraint Type="3"><Value>0.000000</Value></Constraint><Constraint Type="4"><Value>0.000000</Value></Constraint></Constraints><Obstacle>True</Obstacle><AllowIncomingLinks>True</AllowIncomingLinks><AllowOutgoingLinks>False</AllowOutgoingLinks><EnabledHandles>-1</EnabledHandles><HandlesStyle>2</HandlesStyle><Cells><Cell><Text></Text><ToolTip></ToolTip><TextFormat XValue="36"><Alignment>0</Alignment><LineAlignment>1</LineAlignment></TextFormat><TextColor>#FF000000</TextColor><Brush Id="3"/><ImageAlign>4</ImageAlign><ColumnSpan>1</ColumnSpan><RowSpan>1</RowSpan></Cell><Cell><Text>[S] G|I knew you were a slave all along! And an unbroken one that needs to learn some manners at that. | Get out of my sight before I shove a plug up your ass and a gag in your mouth!</Text><ToolTip></ToolTip><TextFormat XValue="2000"><Alignment>1</Alignment><LineAlignment>0</LineAlignment></TextFormat><TextColor></TextColor><Brush Id="4"/><ImageAlign>4</ImageAlign><ColumnSpan>1</ColumnSpan><RowSpan>1</RowSpan></Cell></Cells><Rows><Row><AnchorPattern Id="TableOutPattern"/><Height>27.000000</Height><Header>False</Header><Expanded>True</Expanded></Row></Rows><Columns><Column><Width>9.000000</Width><ColumnStyle>0</ColumnStyle></Column><Column><Width>1019.000000</Width><ColumnStyle>0</ColumnStyle></Column></Columns><Caption>S4S_Dummy_Urag_Respons3Topic: &lt;b&gt;That doesn't even make sense, you old pervert!&lt;/b&gt;</Caption><CaptionColor>#FF000000</CaptionColor><CaptionHeight>23.000000</CaptionHeight><CaptionFormat XValue="2000"><Alignment>1</Alignment><LineAlignment>0</LineAlignment></CaptionFormat><CaptionBackBrush Id="5"/><EnableStyledText>True</EnableStyledText><ConnectionStyle>0</ConnectionStyle><ImageAlign>2</ImageAlign><Style>0</Style><CustomDraw>0</CustomDraw><CellFrameStyle>2</CellFrameStyle><CellCustomDraw>0</CellCustomDraw><TextColor>#FF000000</TextColor><RowHeight>22.000000</RowHeight><ColumnWidth>50.000000</ColumnWidth><CurrentScrollRow>0</CurrentScrollRow><Scrollable>False</Scrollable><OffsetHeaderRows>False</OffsetHeaderRows></Node><Node Class="std:TableNode" Id="14" Version="1"><Bounds>120.000000, 552.000000, 384.000000, 214.000000</Bounds><ZIndex>14</ZIndex><ToolTip>0200C566 - Custom</ToolTip><Locked>False</Locked><Visible>True</Visible><Printable>True</Printable><Selected>False</Selected><Brush Id="2"/><Pen><Color>#FF000000</Color><DashStyle>0</DashStyle><Width>1.000000</Width></Pen><ShadowOffsetX>3.000000</ShadowOffsetX><ShadowOffsetY>3.000000</ShadowOffsetY><Weight>1.000000</Weight><IgnoreLayout>False</IgnoreLayout><HyperLink></HyperLink><AnchorPattern Id="TableInPattern"/><Constraints><Constraint Type="0"><Value>0</Value></Constraint><Constraint Type="1"><Value>0.000000</Value></Constraint><Constraint Type="2"><Value>0.000000</Value></Constraint><Constraint Type="3"><Value>0.000000</Value></Constraint><Constraint Type="4"><Value>0.000000</Value></Constraint></Constraints><Obstacle>True</Obstacle><AllowIncomingLinks>True</AllowIncomingLinks><AllowOutgoingLinks>False</AllowOutgoingLinks><EnabledHandles>-1</EnabledHandles><HandlesStyle>2</HandlesStyle><Cells><Cell><Text></Text><ToolTip></ToolTip><TextFormat XValue="36"><Alignment>0</Alignment><LineAlignment>1</LineAlignment></TextFormat><TextColor>#FF000000</TextColor><Brush Id="3"/><ImageAlign>4</ImageAlign><ColumnSpan>1</ColumnSpan><RowSpan>1</RowSpan></Cell><Cell><Text>You have certainly proven to me that you can take a dick like a free woman. And about your little problem, | you couldn't have chosen a better place to come for answers. I happen to know of a dwarven artifact that can free you from your troubling predicament | Surely you must know of the Falmer?</Text><ToolTip></ToolTip><TextFormat XValue="2000"><Alignment>1</Alignment><LineAlignment>0</LineAlignment></TextFormat><TextColor></TextColor><Brush Id="4"/><ImageAlign>4</ImageAlign><ColumnSpan>1</ColumnSpan><RowSpan>1</RowSpan></Cell><Cell><Text></Text><ToolTip></ToolTip><TextFormat XValue="36"><Alignment>0</Alignment><LineAlignment>1</LineAlignment></TextFormat><TextColor>#FF000000</TextColor><Brush Id="3"/><ImageAlign>4</ImageAlign><ColumnSpan>1</ColumnSpan><RowSpan>2</RowSpan></Cell><Cell><Text>&lt;b&gt;The blind elvish mutants hellbent on destroying all surface dwellers?&lt;/b&gt;</Text><ToolTip></ToolTip><TextFormat XValue="2000"><Alignment>1</Alignment><LineAlignment>0</LineAlignment></TextFormat><TextColor></TextColor><Brush Id="2"/><ImageAlign>4</ImageAlign><ColumnSpan>1</ColumnSpan><RowSpan>1</RowSpan></Cell><Cell><Text></Text><ToolTip></ToolTip><TextFormat XValue="36"><Alignment>0</Alignment><LineAlignment>1</LineAlignment></TextFormat><TextColor>#FF000000</TextColor><Brush Id="3"/><ImageAlign>4</ImageAlign><ColumnSpan>1</ColumnSpan><RowSpan>1</RowSpan></Cell><Cell><Text>Blind elvish mutants indeed, though they were not always that way. Many years ago, they used to be civil like the other elven races, | until the majority agreed to serve the Dwarves in exchange for protection from extinction. Little did they know of their impending betrayal, but... |  Though most of the Falmer became slaves to the Dwarves willingly, some refused to come without a fight. | The brightest of the Falmer worked with the Dwarves to create an artifact capable of both enslaving and freeing any mortal being. | It was the hope of the Falmer that their brethren could be captured without a fight, in order to preserve their race, | and that one day the Dwarves would release them from their debt.</Text><ToolTip></ToolTip><TextFormat XValue="2000"><Alignment>1</Alignment><LineAlignment>0</LineAlignment></TextFormat><TextColor></TextColor><Brush Id="4"/><ImageAlign>4</ImageAlign><ColumnSpan>1</ColumnSpan><RowSpan>1</RowSpan></Cell><Cell><Text></Text><ToolTip></ToolTip><TextFormat XValue="36"><Alignment>0</Alignment><LineAlignment>1</LineAlignment></TextFormat><TextColor>#FF000000</TextColor><Brush Id="3"/><ImageAlign>4</ImageAlign><ColumnSpan>1</ColumnSpan><RowSpan>2</RowSpan></Cell><Cell><Text>&lt;b&gt;Where can I find this artifact?&lt;/b&gt;</Text><ToolTip></ToolTip><TextFormat XValue="2000"><Alignment>1</Alignment><LineAlignment>0</LineAlignment></TextFormat><TextColor></TextColor><Brush Id="2"/><ImageAlign>4</ImageAlign><ColumnSpan>1</ColumnSpan><RowSpan>1</RowSpan></Cell><Cell><Text></Text><ToolTip></ToolTip><TextFormat XValue="36"><Alignment>0</Alignment><LineAlignment>1</LineAlignment></TextFormat><TextColor>#FF000000</TextColor><Brush Id="3"/><ImageAlign>4</ImageAlign><ColumnSpan>1</ColumnSpan><RowSpan>1</RowSpan></Cell><Cell><Text>I was just coming to that point. My research into the Dwarves and the Falmer has led me to believe, | that the artifact is located somewhere within the Alftand cathedral. It was here that the Dwarves sealed it away, lest it be used against them.</Text><ToolTip></ToolTip><TextFormat XValue="2000"><Alignment>1</Alignment><LineAlignment>0</LineAlignment></TextFormat><TextColor></TextColor><Brush Id="4"/><ImageAlign>4</ImageAlign><ColumnSpan>1</ColumnSpan><RowSpan>1</RowSpan></Cell><Cell><Text></Text><ToolTip></ToolTip><TextFormat XValue="36"><Alignment>0</Alignment><LineAlignment>1</LineAlignment></TextFormat><TextColor>#FF000000</TextColor><Brush Id="3"/><ImageAlign>4</ImageAlign><ColumnSpan>1</ColumnSpan><RowSpan>2</RowSpan></Cell><Cell><Text>&lt;b&gt;Thank you for your help!&lt;/b&gt;</Text><ToolTip></ToolTip><TextFormat XValue="2000"><Alignment>1</Alignment><LineAlignment>0</LineAlignment></TextFormat><TextColor></TextColor><Brush Id="2"/><ImageAlign>4</ImageAlign><ColumnSpan>1</ColumnSpan><RowSpan>1</RowSpan></Cell><Cell><Text></Text><ToolTip></ToolTip><TextFormat XValue="36"><Alignment>0</Alignment><LineAlignment>1</LineAlignment></TextFormat><TextColor>#FF000000</TextColor><Brush Id="3"/><ImageAlign>4</ImageAlign><ColumnSpan>1</ColumnSpan><RowSpan>1</RowSpan></Cell><Cell><Text>[S] G|Whatever you do, do be careful. And resist the urge to make an army of slaves.</Text><ToolTip></ToolTip><TextFormat XValue="2000"><Alignment>1</Alignment><LineAlignment>0</LineAlignment></TextFormat><TextColor></TextColor><Brush Id="4"/><ImageAlign>4</ImageAlign><ColumnSpan>1</ColumnSpan><RowSpan>1</RowSpan></Cell></Cells><Rows><Row><AnchorPattern Id="TableOutPattern"/><Height>27.000000</Height><Header>False</Header><Expanded>True</Expanded></Row><Row><Height>27.000000</Height><Header>False</Header><Expanded>True</Expanded></Row><Row><AnchorPattern Id="TableOutPattern"/><Height>27.000000</Height><Header>False</Header><Expanded>True</Expanded></Row><Row><Height>27.000000</Height><Header>False</Header><Expanded>True</Expanded></Row><Row><AnchorPattern Id="TableOutPattern"/><Height>27.000000</Height><Header>False</Header><Expanded>True</Expanded></Row><Row><Height>27.000000</Height><Header>False</Header><Expanded>True</Expanded></Row><Row><AnchorPattern Id="TableOutPattern"/><Height>27.000000</Height><Header>False</Header><Expanded>True</Expanded></Row></Rows><Columns><Column><Width>9.000000</Width><ColumnStyle>0</ColumnStyle></Column><Column><Width>3811.000000</Width><ColumnStyle>0</ColumnStyle></Column></Columns><Caption>S4S_Dummy_Urag_Branch3Topic: &lt;b&gt;Tell me how to get this collar off.&lt;/b&gt;</Caption><CaptionColor>#FF000000</CaptionColor><CaptionHeight>23.000000</CaptionHeight><CaptionFormat XValue="2000"><Alignment>1</Alignment><LineAlignment>0</LineAlignment></CaptionFormat><CaptionBackBrush Id="5"/><EnableStyledText>True</EnableStyledText><ConnectionStyle>0</ConnectionStyle><ImageAlign>2</ImageAlign><Style>0</Style><CustomDraw>0</CustomDraw><CellFrameStyle>2</CellFrameStyle><CellCustomDraw>0</CellCustomDraw><TextColor>#FF000000</TextColor><RowHeight>22.000000</RowHeight><ColumnWidth>50.000000</ColumnWidth><CurrentScrollRow>0</CurrentScrollRow><Scrollable>False</Scrollable><OffsetHeaderRows>False</OffsetHeaderRows></Node><Node Class="std:TableNode" Id="15" Version="1"><Bounds>888.000000, 280.000000, 200.000000, 214.000000</Bounds><ZIndex>15</ZIndex><ToolTip>0200C56C - Custom</ToolTip><Locked>False</Locked><Visible>True</Visible><Printable>True</Printable><Selected>False</Selected><Brush Id="2"/><Pen><Color>#FF000000</Color><DashStyle>0</DashStyle><Width>1.000000</Width></Pen><ShadowOffsetX>3.000000</ShadowOffsetX><ShadowOffsetY>3.000000</ShadowOffsetY><Weight>1.000000</Weight><IgnoreLayout>False</IgnoreLayout><HyperLink></HyperLink><AnchorPattern Id="TableInPattern"/><Constraints><Constraint Type="0"><Value>0</Value></Constraint><Constraint Type="1"><Value>0.000000</Value></Constraint><Constraint Type="2"><Value>0.000000</Value></Constraint><Constraint Type="3"><Value>0.000000</Value></Constraint><Constraint Type="4"><Value>0.000000</Value></Constraint></Constraints><Obstacle>True</Obstacle><AllowIncomingLinks>True</AllowIncomingLinks><AllowOutgoingLinks>False</AllowOutgoingLinks><EnabledHandles>-1</EnabledHandles><HandlesStyle>2</HandlesStyle><Cells><Cell><Text></Text><ToolTip></ToolTip><TextFormat XValue="36"><Alignment>0</Alignment><LineAlignment>1</LineAlignment></TextFormat><TextColor>#FF000000</TextColor><Brush Id="3"/><ImageAlign>4</ImageAlign><ColumnSpan>1</ColumnSpan><RowSpan>1</RowSpan></Cell><Cell><Text>And so the slave comes back with her tail between her legs. Looks like you got it through your pretty dumb head that I'm your only means of escape. | Sure slave, I will help you. But you have to beg me like the little slave slut that you are. First, beg me to tie you up!</Text><ToolTip></ToolTip><TextFormat XValue="2000"><Alignment>1</Alignment><LineAlignment>0</LineAlignment></TextFormat><TextColor></TextColor><Brush Id="4"/><ImageAlign>4</ImageAlign><ColumnSpan>1</ColumnSpan><RowSpan>1</RowSpan></Cell><Cell><Text></Text><ToolTip></ToolTip><TextFormat XValue="36"><Alignment>0</Alignment><LineAlignment>1</LineAlignment></TextFormat><TextColor>#FF000000</TextColor><Brush Id="3"/><ImageAlign>4</ImageAlign><ColumnSpan>1</ColumnSpan><RowSpan>2</RowSpan></Cell><Cell><Text>&lt;b&gt;Please tie–&lt;/b&gt;</Text><ToolTip></ToolTip><TextFormat XValue="2000"><Alignment>1</Alignment><LineAlignment>0</LineAlignment></TextFormat><TextColor></TextColor><Brush Id="2"/><ImageAlign>4</ImageAlign><ColumnSpan>1</ColumnSpan><RowSpan>1</RowSpan></Cell><Cell><Text></Text><ToolTip></ToolTip><TextFormat XValue="36"><Alignment>0</Alignment><LineAlignment>1</LineAlignment></TextFormat><TextColor>#FF000000</TextColor><Brush Id="3"/><ImageAlign>4</ImageAlign><ColumnSpan>1</ColumnSpan><RowSpan>1</RowSpan></Cell><Cell><Text>Please SIR!</Text><ToolTip></ToolTip><TextFormat XValue="2000"><Alignment>1</Alignment><LineAlignment>0</LineAlignment></TextFormat><TextColor></TextColor><Brush Id="4"/><ImageAlign>4</ImageAlign><ColumnSpan>1</ColumnSpan><RowSpan>1</RowSpan></Cell><Cell><Text></Text><ToolTip></ToolTip><TextFormat XValue="36"><Alignment>0</Alignment><LineAlignment>1</LineAlignment></TextFormat><TextColor>#FF000000</TextColor><Brush Id="3"/><ImageAlign>4</ImageAlign><ColumnSpan>1</ColumnSpan><RowSpan>2</RowSpan></Cell><Cell><Text>&lt;b&gt;Please Sir, will you tie me up?&lt;/b&gt;</Text><ToolTip></ToolTip><TextFormat XValue="2000"><Alignment>1</Alignment><LineAlignment>0</LineAlignment></TextFormat><TextColor></TextColor><Brush Id="2"/><ImageAlign>4</ImageAlign><ColumnSpan>1</ColumnSpan><RowSpan>1</RowSpan></Cell><Cell><Text></Text><ToolTip></ToolTip><TextFormat XValue="36"><Alignment>0</Alignment><LineAlignment>1</LineAlignment></TextFormat><TextColor>#FF000000</TextColor><Brush Id="3"/><ImageAlign>4</ImageAlign><ColumnSpan>1</ColumnSpan><RowSpan>1</RowSpan></Cell><Cell><Text>I don't know who this me is. All I see is a dumb little fucktoy.</Text><ToolTip></ToolTip><TextFormat XValue="2000"><Alignment>1</Alignment><LineAlignment>0</LineAlignment></TextFormat><TextColor></TextColor><Brush Id="4"/><ImageAlign>4</ImageAlign><ColumnSpan>1</ColumnSpan><RowSpan>1</RowSpan></Cell><Cell><Text></Text><ToolTip></ToolTip><TextFormat XValue="36"><Alignment>0</Alignment><LineAlignment>1</LineAlignment></TextFormat><TextColor>#FF000000</TextColor><Brush Id="3"/><ImageAlign>4</ImageAlign><ColumnSpan>1</ColumnSpan><RowSpan>2</RowSpan></Cell><Cell><Text>&lt;b&gt;Please Sir, will you tie up this dumb little fucktoy?&lt;/b&gt;</Text><ToolTip></ToolTip><TextFormat XValue="2000"><Alignment>1</Alignment><LineAlignment>0</LineAlignment></TextFormat><TextColor></TextColor><Brush Id="2"/><ImageAlign>4</ImageAlign><ColumnSpan>1</ColumnSpan><RowSpan>1</RowSpan></Cell><Cell><Text></Text><ToolTip></ToolTip><TextFormat XValue="36"><Alignment>0</Alignment><LineAlignment>1</LineAlignment></TextFormat><TextColor>#FF000000</TextColor><Brush Id="3"/><ImageAlign>4</ImageAlign><ColumnSpan>1</ColumnSpan><RowSpan>1</RowSpan></Cell><Cell><Text>[S] G|With pleasure.</Text><ToolTip></ToolTip><TextFormat XValue="2000"><Alignment>1</Alignment><LineAlignment>0</LineAlignment></TextFormat><TextColor></TextColor><Brush Id="4"/><ImageAlign>4</ImageAlign><ColumnSpan>1</ColumnSpan><RowSpan>1</RowSpan></Cell></Cells><Rows><Row><AnchorPattern Id="TableOutPattern"/><Height>27.000000</Height><Header>False</Header><Expanded>True</Expanded></Row><Row><Height>27.000000</Height><Header>False</Header><Expanded>True</Expanded></Row><Row><AnchorPattern Id="TableOutPattern"/><Height>27.000000</Height><Header>False</Header><Expanded>True</Expanded></Row><Row><Height>27.000000</Height><Header>False</Header><Expanded>True</Expanded></Row><Row><AnchorPattern Id="TableOutPattern"/><Height>27.000000</Height><Header>False</Header><Expanded>True</Expanded></Row><Row><Height>27.000000</Height><Header>False</Header><Expanded>True</Expanded></Row><Row><AnchorPattern Id="TableOutPattern"/><Height>27.000000</Height><Header>False</Header><Expanded>True</Expanded></Row></Rows><Columns><Column><Width>9.000000</Width><ColumnStyle>0</ColumnStyle></Column><Column><Width>1436.000000</Width><ColumnStyle>0</ColumnStyle></Column></Columns><Caption>S4S_Dummy_Urag_BindmeTopic: &lt;b&gt;I'm sorry if I offended you, can you please help me remove this collar?&lt;/b&gt;</Caption><CaptionColor>#FF000000</CaptionColor><CaptionHeight>23.000000</CaptionHeight><CaptionFormat XValue="2000"><Alignment>1</Alignment><LineAlignment>0</LineAlignment></CaptionFormat><CaptionBackBrush Id="5"/><EnableStyledText>True</EnableStyledText><ConnectionStyle>0</ConnectionStyle><ImageAlign>2</ImageAlign><Style>0</Style><CustomDraw>0</CustomDraw><CellFrameStyle>2</CellFrameStyle><CellCustomDraw>0</CellCustomDraw><TextColor>#FF000000</TextColor><RowHeight>22.000000</RowHeight><ColumnWidth>50.000000</ColumnWidth><CurrentScrollRow>0</CurrentScrollRow><Scrollable>False</Scrollable><OffsetHeaderRows>False</OffsetHeaderRows></Node><Node Class="std:TableNode" Id="16" Version="1"><Bounds>584.000000, 552.000000, 200.000000, 214.000000</Bounds><ZIndex>16</ZIndex><ToolTip>0200C57E - Custom</ToolTip><Locked>False</Locked><Visible>True</Visible><Printable>True</Printable><Selected>False</Selected><Brush Id="2"/><Pen><Color>#FF000000</Color><DashStyle>0</DashStyle><Width>1.000000</Width></Pen><ShadowOffsetX>3.000000</ShadowOffsetX><ShadowOffsetY>3.000000</ShadowOffsetY><Weight>1.000000</Weight><IgnoreLayout>False</IgnoreLayout><HyperLink></HyperLink><AnchorPattern Id="TableInPattern"/><Constraints><Constraint Type="0"><Value>0</Value></Constraint><Constraint Type="1"><Value>0.000000</Value></Constraint><Constraint Type="2"><Value>0.000000</Value></Constraint><Constraint Type="3"><Value>0.000000</Value></Constraint><Constraint Type="4"><Value>0.000000</Value></Constraint></Constraints><Obstacle>True</Obstacle><AllowIncomingLinks>True</AllowIncomingLinks><AllowOutgoingLinks>False</AllowOutgoingLinks><EnabledHandles>-1</EnabledHandles><HandlesStyle>2</HandlesStyle><Cells><Cell><Text></Text><ToolTip></ToolTip><TextFormat XValue="36"><Alignment>0</Alignment><LineAlignment>1</LineAlignment></TextFormat><TextColor>#FF000000</TextColor><Brush Id="3"/><ImageAlign>4</ImageAlign><ColumnSpan>1</ColumnSpan><RowSpan>1</RowSpan></Cell><Cell><Text>But you look like such a good little slave with it on. I suppose you did beg like the property that you are. | Consider the restraints that I added a gift for if you do eventually remove your collar. They will give you something else to work on removing, ha ha</Text><ToolTip></ToolTip><TextFormat XValue="2000"><Alignment>1</Alignment><LineAlignment>0</LineAlignment></TextFormat><TextColor></TextColor><Brush Id="4"/><ImageAlign>4</ImageAlign><ColumnSpan>1</ColumnSpan><RowSpan>1</RowSpan></Cell><Cell><Text></Text><ToolTip></ToolTip><TextFormat XValue="36"><Alignment>0</Alignment><LineAlignment>1</LineAlignment></TextFormat><TextColor>#FF000000</TextColor><Brush Id="3"/><ImageAlign>4</ImageAlign><ColumnSpan>1</ColumnSpan><RowSpan>2</RowSpan></Cell><Cell><Text>&lt;b&gt;The blind elvish mutants hellbent on destroying all surface dwellers?&lt;/b&gt;</Text><ToolTip></ToolTip><TextFormat XValue="2000"><Alignment>1</Alignment><LineAlignment>0</LineAlignment></TextFormat><TextColor></TextColor><Brush Id="2"/><ImageAlign>4</ImageAlign><ColumnSpan>1</ColumnSpan><RowSpan>1</RowSpan></Cell><Cell><Text></Text><ToolTip></ToolTip><TextFormat XValue="36"><Alignment>0</Alignment><LineAlignment>1</LineAlignment></TextFormat><TextColor>#FF000000</TextColor><Brush Id="3"/><ImageAlign>4</ImageAlign><ColumnSpan>1</ColumnSpan><RowSpan>1</RowSpan></Cell><Cell><Text>Blind elvish mutants indeed, though they were not always that way. Many years ago, they used to be civil like the other elven races, | until the majority agreed to serve the Dwarves in exchange for protection from extinction. Little did they know of their impending betrayal, but... |  Though most of the Falmer became slaves to the Dwarves willingly, some refused to come without a fight. | The brightest of the Falmer worked with the Dwarves to create an artifact capable of both enslaving and freeing any mortal being. | It was the hope of the Falmer that their brethren could be captured without a fight, in order to preserve their race, | and that one day the Dwarves would release them from their debt.</Text><ToolTip></ToolTip><TextFormat XValue="2000"><Alignment>1</Alignment><LineAlignment>0</LineAlignment></TextFormat><TextColor></TextColor><Brush Id="4"/><ImageAlign>4</ImageAlign><ColumnSpan>1</ColumnSpan><RowSpan>1</RowSpan></Cell><Cell><Text></Text><ToolTip></ToolTip><TextFormat XValue="36"><Alignment>0</Alignment><LineAlignment>1</LineAlignment></TextFormat><TextColor>#FF000000</TextColor><Brush Id="3"/><ImageAlign>4</ImageAlign><ColumnSpan>1</ColumnSpan><RowSpan>2</RowSpan></Cell><Cell><Text>&lt;b&gt;Where can I find this artifact?&lt;/b&gt;</Text><ToolTip></ToolTip><TextFormat XValue="2000"><Alignment>1</Alignment><LineAlignment>0</LineAlignment></TextFormat><TextColor></TextColor><Brush Id="2"/><ImageAlign>4</ImageAlign><ColumnSpan>1</ColumnSpan><RowSpan>1</RowSpan></Cell><Cell><Text></Text><ToolTip></ToolTip><TextFormat XValue="36"><Alignment>0</Alignment><LineAlignment>1</LineAlignment></TextFormat><TextColor>#FF000000</TextColor><Brush Id="3"/><ImageAlign>4</ImageAlign><ColumnSpan>1</ColumnSpan><RowSpan>1</RowSpan></Cell><Cell><Text>I was just coming to that point. My research into the Dwarves and the Falmer has led me to believe, | that the artifact is located somewhere within the Alftand cathedral. It was here that the Dwarves sealed it away, lest it be used against them.</Text><ToolTip></ToolTip><TextFormat XValue="2000"><Alignment>1</Alignment><LineAlignment>0</LineAlignment></TextFormat><TextColor></TextColor><Brush Id="4"/><ImageAlign>4</ImageAlign><ColumnSpan>1</ColumnSpan><RowSpan>1</RowSpan></Cell><Cell><Text></Text><ToolTip></ToolTip><TextFormat XValue="36"><Alignment>0</Alignment><LineAlignment>1</LineAlignment></TextFormat><TextColor>#FF000000</TextColor><Brush Id="3"/><ImageAlign>4</ImageAlign><ColumnSpan>1</ColumnSpan><RowSpan>2</RowSpan></Cell><Cell><Text>&lt;b&gt;Thank you for your help!&lt;/b&gt;</Text><ToolTip></ToolTip><TextFormat XValue="2000"><Alignment>1</Alignment><LineAlignment>0</LineAlignment></TextFormat><TextColor></TextColor><Brush Id="2"/><ImageAlign>4</ImageAlign><ColumnSpan>1</ColumnSpan><RowSpan>1</RowSpan></Cell><Cell><Text></Text><ToolTip></ToolTip><TextFormat XValue="36"><Alignment>0</Alignment><LineAlignment>1</LineAlignment></TextFormat><TextColor>#FF000000</TextColor><Brush Id="3"/><ImageAlign>4</ImageAlign><ColumnSpan>1</ColumnSpan><RowSpan>1</RowSpan></Cell><Cell><Text>[S] G|Whatever you do, do be careful. And resist the urge to make an army of slaves.</Text><ToolTip></ToolTip><TextFormat XValue="2000"><Alignment>1</Alignment><LineAlignment>0</LineAlignment></TextFormat><TextColor></TextColor><Brush Id="4"/><ImageAlign>4</ImageAlign><ColumnSpan>1</ColumnSpan><RowSpan>1</RowSpan></Cell></Cells><Rows><Row><AnchorPattern Id="TableOutPattern"/><Height>27.000000</Height><Header>False</Header><Expanded>True</Expanded></Row><Row><Height>27.000000</Height><Header>False</Header><Expanded>True</Expanded></Row><Row><AnchorPattern Id="TableOutPattern"/><Height>27.000000</Height><Header>False</Header><Expanded>True</Expanded></Row><Row><Height>27.000000</Height><Header>False</Header><Expanded>True</Expanded></Row><Row><AnchorPattern Id="TableOutPattern"/><Height>27.000000</Height><Header>False</Header><Expanded>True</Expanded></Row><Row><Height>27.000000</Height><Header>False</Header><Expanded>True</Expanded></Row><Row><AnchorPattern Id="TableOutPattern"/><Height>27.000000</Height><Header>False</Header><Expanded>True</Expanded></Row></Rows><Columns><Column><Width>9.000000</Width><ColumnStyle>0</ColumnStyle></Column><Column><Width>3811.000000</Width><ColumnStyle>0</ColumnStyle></Column></Columns><Caption>S4S_Dummy_Urag_Branch_3bTopic: &lt;b&gt;Please tell me how to get this collar off Sir.&lt;/b&gt;</Caption><CaptionColor>#FF000000</CaptionColor><CaptionHeight>23.000000</CaptionHeight><CaptionFormat XValue="2000"><Alignment>1</Alignment><LineAlignment>0</LineAlignment></CaptionFormat><CaptionBackBrush Id="5"/><EnableStyledText>True</EnableStyledText><ConnectionStyle>0</ConnectionStyle><ImageAlign>2</ImageAlign><Style>0</Style><CustomDraw>0</CustomDraw><CellFrameStyle>2</CellFrameStyle><CellCustomDraw>0</CellCustomDraw><TextColor>#FF000000</TextColor><RowHeight>22.000000</RowHeight><ColumnWidth>50.000000</ColumnWidth><CurrentScrollRow>0</CurrentScrollRow><Scrollable>False</Scrollable><OffsetHeaderRows>False</OffsetHeaderRows></Node><Node Class="std:TableNode" Id="17" Version="1"><Bounds>856.000000, 552.000000, 256.000000, 430.000000</Bounds><ZIndex>17</ZIndex><ToolTip>0200C584 - Custom</ToolTip><Locked>False</Locked><Visible>True</Visible><Printable>True</Printable><Selected>False</Selected><Brush Id="2"/><Pen><Color>#FF000000</Color><DashStyle>0</DashStyle><Width>1.000000</Width></Pen><ShadowOffsetX>3.000000</ShadowOffsetX><ShadowOffsetY>3.000000</ShadowOffsetY><Weight>1.000000</Weight><IgnoreLayout>False</IgnoreLayout><HyperLink></HyperLink><AnchorPattern Id="TableInPattern"/><Constraints><Constraint Type="0"><Value>0</Value></Constraint><Constraint Type="1"><Value>0.000000</Value></Constraint><Constraint Type="2"><Value>0.000000</Value></Constraint><Constraint Type="3"><Value>0.000000</Value></Constraint><Constraint Type="4"><Value>0.000000</Value></Constraint></Constraints><Obstacle>True</Obstacle><AllowIncomingLinks>True</AllowIncomingLinks><AllowOutgoingLinks>False</AllowOutgoingLinks><EnabledHandles>-1</EnabledHandles><HandlesStyle>2</HandlesStyle><Cells><Cell><Text></Text><ToolTip></ToolTip><TextFormat XValue="36"><Alignment>0</Alignment><LineAlignment>1</LineAlignment></TextFormat><TextColor>#FF000000</TextColor><Brush Id="3"/><ImageAlign>4</ImageAlign><ColumnSpan>1</ColumnSpan><RowSpan>1</RowSpan></Cell><Cell><Text>[S] *Takes Dwarven Slavemaker* By the Nine! This is in fact the Dwarven Slavemaker, I just can't believe that it actually exists!</Text><ToolTip></ToolTip><TextFormat XValue="2000"><Alignment>1</Alignment><LineAlignment>0</LineAlignment></TextFormat><TextColor></TextColor><Brush Id="4"/><ImageAlign>4</ImageAlign><ColumnSpan>1</ColumnSpan><RowSpan>1</RowSpan></Cell><Cell><Text></Text><ToolTip></ToolTip><TextFormat XValue="36"><Alignment>0</Alignment><LineAlignment>1</LineAlignment></TextFormat><TextColor>#FF000000</TextColor><Brush Id="3"/><ImageAlign>4</ImageAlign><ColumnSpan>1</ColumnSpan><RowSpan>2</RowSpan></Cell><Cell><Text>&lt;b&gt;Yeah, yeah..ancient relic. Can you make it release me?&lt;/b&gt;</Text><ToolTip></ToolTip><TextFormat XValue="2000"><Alignment>1</Alignment><LineAlignment>0</LineAlignment></TextFormat><TextColor></TextColor><Brush Id="2"/><ImageAlign>4</ImageAlign><ColumnSpan>1</ColumnSpan><RowSpan>1</RowSpan></Cell><Cell><Text></Text><ToolTip></ToolTip><TextFormat XValue="36"><Alignment>0</Alignment><LineAlignment>1</LineAlignment></TextFormat><TextColor>#FF000000</TextColor><Brush Id="3"/><ImageAlign>4</ImageAlign><ColumnSpan>1</ColumnSpan><RowSpan>1</RowSpan></Cell><Cell><Text>I assume that means you've already tried using it to no avail then, hmm? Though you may not realize it, | the very fact alone that you found this rewrites the history of the Dwarves and Falmer! Its existence has eluded history all but completely... | so suffice to say there aren't any books on how to use it!</Text><ToolTip></ToolTip><TextFormat XValue="2000"><Alignment>1</Alignment><LineAlignment>0</LineAlignment></TextFormat><TextColor></TextColor><Brush Id="4"/><ImageAlign>4</ImageAlign><ColumnSpan>1</ColumnSpan><RowSpan>1</RowSpan></Cell><Cell><Text></Text><ToolTip></ToolTip><TextFormat XValue="36"><Alignment>0</Alignment><LineAlignment>1</LineAlignment></TextFormat><TextColor>#FF000000</TextColor><Brush Id="3"/><ImageAlign>4</ImageAlign><ColumnSpan>1</ColumnSpan><RowSpan>2</RowSpan></Cell><Cell><Text>&lt;b&gt;So...I'm still stuck.&lt;/b&gt;</Text><ToolTip></ToolTip><TextFormat XValue="2000"><Alignment>1</Alignment><LineAlignment>0</LineAlignment></TextFormat><TextColor></TextColor><Brush Id="2"/><ImageAlign>4</ImageAlign><ColumnSpan>1</ColumnSpan><RowSpan>1</RowSpan></Cell><Cell><Text></Text><ToolTip></ToolTip><TextFormat XValue="36"><Alignment>0</Alignment><LineAlignment>1</LineAlignment></TextFormat><TextColor>#FF000000</TextColor><Brush Id="3"/><ImageAlign>4</ImageAlign><ColumnSpan>1</ColumnSpan><RowSpan>1</RowSpan></Cell><Cell><Text>That may not be the case, my dear. We have the brightest minds from all throughout Skyrim here at the College. | This artifact will be a topic of discovery and excitement for many who are not currently involved in deep research!</Text><ToolTip></ToolTip><TextFormat XValue="2000"><Alignment>1</Alignment><LineAlignment>0</LineAlignment></TextFormat><TextColor></TextColor><Brush Id="4"/><ImageAlign>4</ImageAlign><ColumnSpan>1</ColumnSpan><RowSpan>1</RowSpan></Cell><Cell><Text></Text><ToolTip></ToolTip><TextFormat XValue="36"><Alignment>0</Alignment><LineAlignment>1</LineAlignment></TextFormat><TextColor>#FF000000</TextColor><Brush Id="3"/><ImageAlign>4</ImageAlign><ColumnSpan>1</ColumnSpan><RowSpan>2</RowSpan></Cell><Cell><Text>&lt;b&gt;How soon can you figure out how to free me?&lt;/b&gt;</Text><ToolTip></ToolTip><TextFormat XValue="2000"><Alignment>1</Alignment><LineAlignment>0</LineAlignment></TextFormat><TextColor></TextColor><Brush Id="2"/><ImageAlign>4</ImageAlign><ColumnSpan>1</ColumnSpan><RowSpan>1</RowSpan></Cell><Cell><Text></Text><ToolTip></ToolTip><TextFormat XValue="36"><Alignment>0</Alignment><LineAlignment>1</LineAlignment></TextFormat><TextColor>#FF000000</TextColor><Brush Id="3"/><ImageAlign>4</ImageAlign><ColumnSpan>1</ColumnSpan><RowSpan>1</RowSpan></Cell><Cell><Text>Fear not, for me and my colleagues will not rest until we have learned all there is to know about this thing! | We have many books to scour for insight and history, and then numerous experiments to perform to grasp how the Dwarves wielded such a power. | Given the amount of interest in this particular find, I would say we should fully understand how to release you within the year!</Text><ToolTip></ToolTip><TextFormat XValue="2000"><Alignment>1</Alignment><LineAlignment>0</LineAlignment></TextFormat><TextColor></TextColor><Brush Id="4"/><ImageAlign>4</ImageAlign><ColumnSpan>1</ColumnSpan><RowSpan>1</RowSpan></Cell><Cell><Text></Text><ToolTip></ToolTip><TextFormat XValue="36"><Alignment>0</Alignment><LineAlignment>1</LineAlignment></TextFormat><TextColor>#FF000000</TextColor><Brush Id="3"/><ImageAlign>4</ImageAlign><ColumnSpan>1</ColumnSpan><RowSpan>2</RowSpan></Cell><Cell><Text>&lt;b&gt;A year?! I don't have that much time to wait!&lt;/b&gt;</Text><ToolTip></ToolTip><TextFormat XValue="2000"><Alignment>1</Alignment><LineAlignment>0</LineAlignment></TextFormat><TextColor></TextColor><Brush Id="2"/><ImageAlign>4</ImageAlign><ColumnSpan>1</ColumnSpan><RowSpan>1</RowSpan></Cell><Cell><Text></Text><ToolTip></ToolTip><TextFormat XValue="36"><Alignment>0</Alignment><LineAlignment>1</LineAlignment></TextFormat><TextColor>#FF000000</TextColor><Brush Id="3"/><ImageAlign>4</ImageAlign><ColumnSpan>1</ColumnSpan><RowSpan>1</RowSpan></Cell><Cell><Text>Well, I can't help it that YOUR personal schedule doesn't match up with the time it will take to understand this device. | Matters like this must be handled with extreme caution, you know. One terrible mistake and we could end up enslaving someone or an entire race!</Text><ToolTip></ToolTip><TextFormat XValue="2000"><Alignment>1</Alignment><LineAlignment>0</LineAlignment></TextFormat><TextColor></TextColor><Brush Id="4"/><ImageAlign>4</ImageAlign><ColumnSpan>1</ColumnSpan><RowSpan>1</RowSpan></Cell><Cell><Text></Text><ToolTip></ToolTip><TextFormat XValue="36"><Alignment>0</Alignment><LineAlignment>1</LineAlignment></TextFormat><TextColor>#FF000000</TextColor><Brush Id="3"/><ImageAlign>4</ImageAlign><ColumnSpan>1</ColumnSpan><RowSpan>2</RowSpan></Cell><Cell><Text>&lt;b&gt;Any other bright ideas in the meantime?&lt;/b&gt;</Text><ToolTip></ToolTip><TextFormat XValue="2000"><Alignment>1</Alignment><LineAlignment>0</LineAlignment></TextFormat><TextColor></TextColor><Brush Id="2"/><ImageAlign>4</ImageAlign><ColumnSpan>1</ColumnSpan><RowSpan>1</RowSpan></Cell><Cell><Text></Text><ToolTip></ToolTip><TextFormat XValue="36"><Alignment>0</Alignment><LineAlignment>1</LineAlignment></TextFormat><TextColor>#FF000000</TextColor><Brush Id="3"/><ImageAlign>4</ImageAlign><ColumnSpan>1</ColumnSpan><RowSpan>1</RowSpan></Cell><Cell><Text>That's certainly not the way to ask for my help. | But, since you did bring me back a priceless piece of history, I might have an alternative solution for you. | You see, I haven't been idle since you left for Alftand. | I perused our Library's collection on foreign materials, and stumbled upon the type of coating I think to be covering your body.</Text><ToolTip></ToolTip><TextFormat XValue="2000"><Alignment>1</Alignment><LineAlignment>0</LineAlignment></TextFormat><TextColor></TextColor><Brush Id="4"/><ImageAlign>4</ImageAlign><ColumnSpan>1</ColumnSpan><RowSpan>1</RowSpan></Cell><Cell><Text></Text><ToolTip></ToolTip><TextFormat XValue="36"><Alignment>0</Alignment><LineAlignment>1</LineAlignment></TextFormat><TextColor>#FF000000</TextColor><Brush Id="3"/><ImageAlign>4</ImageAlign><ColumnSpan>1</ColumnSpan><RowSpan>2</RowSpan></Cell><Cell><Text>&lt;b&gt;Really?&lt;/b&gt;</Text><ToolTip></ToolTip><TextFormat XValue="2000"><Alignment>1</Alignment><LineAlignment>0</LineAlignment></TextFormat><TextColor></TextColor><Brush Id="2"/><ImageAlign>4</ImageAlign><ColumnSpan>1</ColumnSpan><RowSpan>1</RowSpan></Cell><Cell><Text></Text><ToolTip></ToolTip><TextFormat XValue="36"><Alignment>0</Alignment><LineAlignment>1</LineAlignment></TextFormat><TextColor>#FF000000</TextColor><Brush Id="3"/><ImageAlign>4</ImageAlign><ColumnSpan>1</ColumnSpan><RowSpan>1</RowSpan></Cell><Cell><Text>The shiny, elastic collar you have around your neck seems to be made of rubber. | This type of clothing predominantly originates from Black Marsh, and was created by the Argonian natives. | It wasn't until after the Argonians were enslaved that the slavers began using the rubber as a means to bind the slaves and keep them submissive.</Text><ToolTip></ToolTip><TextFormat XValue="2000"><Alignment>1</Alignment><LineAlignment>0</LineAlignment></TextFormat><TextColor></TextColor><Brush Id="4"/><ImageAlign>4</ImageAlign><ColumnSpan>1</ColumnSpan><RowSpan>1</RowSpan></Cell><Cell><Text></Text><ToolTip></ToolTip><TextFormat XValue="36"><Alignment>0</Alignment><LineAlignment>1</LineAlignment></TextFormat><TextColor>#FF000000</TextColor><Brush Id="3"/><ImageAlign>4</ImageAlign><ColumnSpan>1</ColumnSpan><RowSpan>2</RowSpan></Cell><Cell><Text>&lt;b&gt;I guess that's my only real option at this point.&lt;/b&gt;</Text><ToolTip></ToolTip><TextFormat XValue="2000"><Alignment>1</Alignment><LineAlignment>0</LineAlignment></TextFormat><TextColor></TextColor><Brush Id="2"/><ImageAlign>4</ImageAlign><ColumnSpan>1</ColumnSpan><RowSpan>1</RowSpan></Cell><Cell><Text></Text><ToolTip></ToolTip><TextFormat XValue="36"><Alignment>0</Alignment><LineAlignment>1</LineAlignment></TextFormat><TextColor>#FF000000</TextColor><Brush Id="3"/><ImageAlign>4</ImageAlign><ColumnSpan>1</ColumnSpan><RowSpan>1</RowSpan></Cell><Cell><Text>[S] I wish you the best of luck. If you can't find anything, remember that we will be done researching this staff in about a year. | Should the collar add any more...er...modifications during the time until then, perhaps you would consider being the guild's fuck toy. | We would undoubtedly release you once our "extensive research" into the Slavemaker has concluded!</Text><ToolTip></ToolTip><TextFormat XValue="2000"><Alignment>1</Alignment><LineAlignment>0</LineAlignment></TextFormat><TextColor></TextColor><Brush Id="4"/><ImageAlign>4</ImageAlign><ColumnSpan>1</ColumnSpan><RowSpan>1</RowSpan></Cell></Cells><Rows><Row><AnchorPattern Id="TableOutPattern"/><Height>27.000000</Height><Header>False</Header><Expanded>True</Expanded></Row><Row><Height>27.000000</Height><Header>False</Header><Expanded>True</Expanded></Row><Row><AnchorPattern Id="TableOutPattern"/><Height>27.000000</Height><Header>False</Header><Expanded>True</Expanded></Row><Row><Height>27.000000</Height><Header>False</Header><Expanded>True</Expanded></Row><Row><AnchorPattern Id="TableOutPattern"/><Height>27.000000</Height><Header>False</Header><Expanded>True</Expanded></Row><Row><Height>27.000000</Height><Header>False</Header><Expanded>True</Expanded></Row><Row><AnchorPattern Id="TableOutPattern"/><Height>27.000000</Height><Header>False</Header><Expanded>True</Expanded></Row><Row><Height>27.000000</Height><Header>False</Header><Expanded>True</Expanded></Row><Row><AnchorPattern Id="TableOutPattern"/><Height>27.000000</Height><Header>False</Header><Expanded>True</Expanded></Row><Row><Height>27.000000</Height><Header>False</Header><Expanded>True</Expanded></Row><Row><AnchorPattern Id="TableOutPattern"/><Height>27.000000</Height><Header>False</Header><Expanded>True</Expanded></Row><Row><Height>27.000000</Height><Header>False</Header><Expanded>True</Expanded></Row><Row><AnchorPattern Id="TableOutPattern"/><Height>27.000000</Height><Header>False</Header><Expanded>True</Expanded></Row><Row><Height>27.000000</Height><Header>False</Header><Expanded>True</Expanded></Row><Row><AnchorPattern Id="TableOutPattern"/><Height>27.000000</Height><Header>False</Header><Expanded>True</Expanded></Row></Rows><Columns><Column><Width>9.000000</Width><ColumnStyle>0</ColumnStyle></Column><Column><Width>2091.000000</Width><ColumnStyle>0</ColumnStyle></Column></Columns><Caption>S4S_Dummy_Urag_ReturnTopic: &lt;b&gt;I retrieved the Dwarven Slavemaker, and can't seem to get it to work.&lt;/b&gt;</Caption><CaptionColor>#FF000000</CaptionColor><CaptionHeight>23.000000</CaptionHeight><CaptionFormat XValue="2000"><Alignment>1</Alignment><LineAlignment>0</LineAlignment></CaptionFormat><CaptionBackBrush Id="5"/><EnableStyledText>True</EnableStyledText><ConnectionStyle>0</ConnectionStyle><ImageAlign>2</ImageAlign><Style>0</Style><CustomDraw>0</CustomDraw><CellFrameStyle>2</CellFrameStyle><CellCustomDraw>0</CellCustomDraw><TextColor>#FF000000</TextColor><RowHeight>22.000000</RowHeight><ColumnWidth>50.000000</ColumnWidth><CurrentScrollRow>0</CurrentScrollRow><Scrollable>False</Scrollable><OffsetHeaderRows>False</OffsetHeaderRows></Node></Nodes><Links><Link Class="std:DiagramLink" Id="18" Version="1"><Bounds>1088.000000, 130.000000, 104.000000, 66.000000</Bounds><ZIndex>18</ZIndex><ToolTip></ToolTip><Locked>False</Locked><Visible>True</Visible><Printable>True</Printable><Selected>False</Selected><Brush Id="4"/><Pen><Color>#FF000000</Color><DashStyle>0</DashStyle><Width>1.000000</Width></Pen><ShadowOffsetX>3.000000</ShadowOffsetX><ShadowOffsetY>3.000000</ShadowOffsetY><Weight>1.000000</Weight><IgnoreLayout>False</IgnoreLayout><Origin Id="10" ClassId="std:TableNode" Version="1"/><OriginRelative>100.000000, 51.851852</OriginRelative><OriginAnchor>0</OriginAnchor><Destination Id="11" ClassId="std:TableNode" Version="1"/><DestinationRelative>0.000000, 50.000000</DestinationRelative><DestinationAnchor>0</DestinationAnchor><OriginRow>2</OriginRow><DestinationRow>-1</DestinationRow><Style>2</Style><SegmentCount>3</SegmentCount><Points><Point>1088.000000, 196.000000</Point><Point>1144.000000, 196.000000</Point><Point>1144.000000, 130.000000</Point><Point>1192.000000, 130.000000</Point></Points><Dynamic>False</Dynamic><RetainForm>False</RetainForm><AutoRoute>True</AutoRoute><SnapToNodeBorder>False</SnapToNodeBorder><CascadeOrientation>0</CascadeOrientation><CascadeStartHorizontal>True</CascadeStartHorizontal><Text></Text><TextStyle>0</TextStyle><TextColor>#FF000000</TextColor><Reflexive>False</Reflexive><HeadShape>2</HeadShape><BaseShape>0</BaseShape><IntermediateShape>0</IntermediateShape><HeadShapeSize>15.000000</HeadShapeSize><BaseShapeSize>15.000000</BaseShapeSize><IntermediateShapeSize>10.000000</IntermediateShapeSize><CustomDraw>0</CustomDraw><DrawCrossings>True</DrawCrossings><HandlesStyle>1</HandlesStyle><AllowMoveStart>True</AllowMoveStart><AllowMoveEnd>True</AllowMoveEnd><LabelSegment>2147483647</LabelSegment><LabelOffset>0.000000</LabelOffset></Link><Link Class="std:DiagramLink" Id="19" Version="1"><Bounds>1088.000000, 196.000000, 104.000000, 62.000000</Bounds><ZIndex>19</ZIndex><ToolTip></ToolTip><Locked>False</Locked><Visible>True</Visible><Printable>True</Printable><Selected>False</Selected><Brush Id="4"/><Pen><Color>#FF000000</Color><DashStyle>0</DashStyle><Width>1.000000</Width></Pen><ShadowOffsetX>3.000000</ShadowOffsetX><ShadowOffsetY>3.000000</ShadowOffsetY><Weight>1.000000</Weight><IgnoreLayout>False</IgnoreLayout><Origin Id="10" ClassId="std:TableNode" Version="1"/><OriginRelative>100.000000, 51.851852</OriginRelative><OriginAnchor>0</OriginAnchor><Destination Id="12" ClassId="std:TableNode" Version="1"/><DestinationRelative>0.000000, 50.000000</DestinationRelative><DestinationAnchor>0</DestinationAnchor><OriginRow>2</OriginRow><DestinationRow>-1</DestinationRow><Style>2</Style><SegmentCount>5</SegmentCount><Points><Point>1088.000000, 196.000000</Point><Point>1128.000000, 196.000000</Point><Point>1128.000000, 216.000000</Point><Point>1144.000000, 216.000000</Point><Point>1144.000000, 258.000000</Point><Point>1192.000000, 258.000000</Point></Points><Dynamic>False</Dynamic><RetainForm>False</RetainForm><AutoRoute>True</AutoRoute><SnapToNodeBorder>False</SnapToNodeBorder><CascadeOrientation>0</CascadeOrientation><CascadeStartHorizontal>True</CascadeStartHorizontal><Text></Text><TextStyle>0</TextStyle><TextColor>#FF000000</TextColor><Reflexive>False</Reflexive><HeadShape>2</HeadShape><BaseShape>0</BaseShape><IntermediateShape>0</IntermediateShape><HeadShapeSize>15.000000</HeadShapeSize><BaseShapeSize>15.000000</BaseShapeSize><IntermediateShapeSize>10.000000</IntermediateShapeSize><CustomDraw>0</CustomDraw><DrawCrossings>True</DrawCrossings><HandlesStyle>1</HandlesStyle><AllowMoveStart>True</AllowMoveStart><AllowMoveEnd>True</AllowMoveEnd><LabelSegment>2147483647</LabelSegment><LabelOffset>0.000000</LabelOffset></Link><Link Class="std:DiagramLink" Id="20" Version="1"><Bounds>1088.000000, 196.000000, 104.000000, 190.000000</Bounds><ZIndex>20</ZIndex><ToolTip></ToolTip><Locked>False</Locked><Visible>True</Visible><Printable>True</Printable><Selected>True</Selected><Brush Id="4"/><Pen><Color>#FF000000</Color><DashStyle>0</DashStyle><Width>1.000000</Width></Pen><ShadowOffsetX>3.000000</ShadowOffsetX><ShadowOffsetY>3.000000</ShadowOffsetY><Weight>1.000000</Weight><IgnoreLayout>False</IgnoreLayout><Origin Id="10" ClassId="std:TableNode" Version="1"/><OriginRelative>100.000000, 51.851852</OriginRelative><OriginAnchor>0</OriginAnchor><Destination Id="13" ClassId="std:TableNode" Version="1"/><DestinationRelative>0.000000, 50.000000</DestinationRelative><DestinationAnchor>0</DestinationAnchor><OriginRow>2</OriginRow><DestinationRow>-1</DestinationRow><Style>2</Style><SegmentCount>5</SegmentCount><Points><Point>1088.000000, 196.000000</Point><Point>1128.000000, 196.000000</Point><Point>1128.000000, 280.000000</Point><Point>1144.000000, 280.000000</Point><Point>1144.000000, 386.000000</Point><Point>1192.000000, 386.000000</Point></Points><Dynamic>False</Dynamic><RetainForm>False</RetainForm><AutoRoute>True</AutoRoute><SnapToNodeBorder>False</SnapToNodeBorder><CascadeOrientation>0</CascadeOrientation><CascadeStartHorizontal>True</CascadeStartHorizontal><Text></Text><TextStyle>0</TextStyle><TextColor>#FF000000</TextColor><Reflexive>False</Reflexive><HeadShape>2</HeadShape><BaseShape>0</BaseShape><IntermediateShape>0</IntermediateShape><HeadShapeSize>15.000000</HeadShapeSize><BaseShapeSize>15.000000</BaseShapeSize><IntermediateShapeSize>10.000000</IntermediateShapeSize><CustomDraw>0</CustomDraw><DrawCrossings>True</DrawCrossings><HandlesStyle>1</HandlesStyle><AllowMoveStart>True</AllowMoveStart><AllowMoveEnd>True</AllowMoveEnd><LabelSegment>2147483647</LabelSegment><LabelOffset>0.000000</LabelOffset></Link></Links><Properties><LinkHeadShape>2</LinkHeadShape><LinkBaseShape>0</LinkBaseShape><LinkIntermediateShape>0</LinkIntermediateShape><LinkHeadShapeSize>15.000000</LinkHeadShapeSize><LinkBaseShapeSize>15.000000</LinkBaseShapeSize><LinkIntermediateShapeSize>10.000000</LinkIntermediateShapeSize><AlignToGrid>True</AlignToGrid><ShowGrid>False</ShowGrid><GridStyle>0</GridStyle><GridColor>#FF8C8C96</GridColor><GridSizeX>16.000000</GridSizeX><GridSizeY>16.000000</GridSizeY><GridOffsetX>0.000000</GridOffsetX><GridOffsetY>0.000000</GridOffsetY><ShadowColor>#FFAAAAAA</ShadowColor><ShadowsStyle>0</ShadowsStyle><ShadowOffsetX>3.000000</ShadowOffsetX><ShadowOffsetY>3.000000</ShadowOffsetY><ImageAlign>0</ImageAlign><TextColor>#FF000000</TextColor><ActiveItemHandlesColor>#FFFFFFFF</ActiveItemHandlesColor><SelectedItemHandlesColor>#FFAAAAAA</SelectedItemHandlesColor><DisabledHandlesColor>#FFC80000</DisabledHandlesColor><LinkStyle>2</LinkStyle><LinkSegments>2</LinkSegments><Bounds>65.000000, 49.000000, 1382.000000, 934.000000</Bounds><TableRowsCount>4</TableRowsCount><TableColumnsCount>2</TableColumnsCount><TableColumnWidth>50.000000</TableColumnWidth><TableRowHeight>22.000000</TableRowHeight><TableCaptionHeight>22.000000</TableCaptionHeight><TableCaption>Table</TableCaption><LinkCascadeOrientation>0</LinkCascadeOrientation><TableCellBorders>2</TableCellBorders><NodesExpandable>False</NodesExpandable><TablesScrollable>False</TablesScrollable><ToolTip></ToolTip><PolygonalTextLayout>False</PolygonalTextLayout><DefaultTextFormat XValue="37"><Alignment>1</Alignment><LineAlignment>1</LineAlignment></DefaultTextFormat><Font><Name>Arial</Name><Size>9.750000</Size><Unit>0</Unit><Bold>False</Bold><Italic>False</Italic><Underline>False</Underline><Strikeout>False</Strikeout><GdiCharSet>1</GdiCharSet></Font><DefaultShape Id="Rectangle"/><ShapePen><Color>#FF000000</Color><DashStyle>0</DashStyle><Width>1.000000</Width></ShapePen><LinkPen><Color>#FF000000</Color><DashStyle>0</DashStyle><Width>1.000000</Width></LinkPen><TablePen><Color>#FF000000</Color><DashStyle>0</DashStyle><Width>1.000000</Width></TablePen><ShapeBrush Id="1"/><LinkBrush Id="4"/><TableBrush Id="2"/><Brush Id="4"/><ExteriorBrush Id="4"/><ShapeHandlesStyle>1</ShapeHandlesStyle><TableHandlesStyle>2</TableHandlesStyle><AllowLinksRepeat>True</AllowLinksRepeat><AllowUnconnectedLinks>False</AllowUnconnectedLinks><AllowUnanchoredLinks>True</AllowUnanchoredLinks><PolygonalTextLayout>False</PolygonalTextLayout><ShapeOrientation>0.000000</ShapeOrientation><RouteLinks>True</RouteLinks><LinksRetainForm>False</LinksRetainForm><LinkTextStyle>0</LinkTextStyle><TableConnectionStyle>0</TableConnectionStyle><MeasureUnit>2</MeasureUnit><MinBounds>65.000000, 49.000000, 1382.000000, 934.000000</MinBounds><ExpandBtnPos>0</ExpandBtnPos><EnableStyledText>False</EnableStyledText><LinkText></LinkText><ShapeText></ShapeText><LinkCrossings>0</LinkCrossings><CrossRadius>8.000000</CrossRadius><LinksSnapToBorders>False</LinksSnapToBorders><LinkHandlesStyle>1</LinkHandlesStyle><RoundedLinks>False</RoundedLinks><RoundedLinksRadius>40.000000</RoundedLinksRadius><EnableLanes>False</EnableLanes></Properties><Resources><Brushes><Brush Index="1" Type="Solid"><Color>#FFCCCCF0</Color></Brush><Brush Index="4" Type="Solid"><Color>#FFFFFFFF</Color></Brush><Brush Index="2" Type="Solid"><Color>#FFDCDCDC</Color></Brush><Brush Index="0" Type="Solid"><Color>#FFF0CC60</Color></Brush><Brush Index="5" Type="Solid"><Color>#FFFFD780</Color></Brush><Brush Index="3" Type="Solid"><Color></Color></Brush></Brushes><Images Count="0"/></Resources><View><Behavior>2</Behavior><ScrollX>65.000000</ScrollX><ScrollY>49.000000</ScrollY><ZoomFactor>60.000000</ZoomFactor></View></Diagram>
